7622210416100,23%
7622210416124,23%
5903189076314,23%
7622210426192,23%
7622210308986,23%
7622210365774,23%
7622210365057,23%
7622210308962,23%
7622210308955,23%
7622210364319,23%
7622210307736,23%
7622210450821,5%
7622210216342,5%
7622210025876,5%
7622210194923,5%
7622210346735,5%
7622210194961,5%
7622210289995,5%
7622210025791,5%
7622300382216,5%
7622300428860,5%
7622300538217,5%
7622300382193,5%
7622210712387,5%
7622210516800,5%
7622210516893,5%
7622210712202,5%
7622210833051,5%
7622210833099,5%
7622210369543,23%
5906747308520,5%
5906747308469,5%
7622300436438,5%
5906747308438,5%
5906747308490,5%
5906747308612,5%
5906747308582,5%
5906747318130,5%
7622210820495,8%
7622210820457,8%
7622210820426,8%
7622210820501,8%
50960767,23%
50985081,23%
50985098,23%
50985104,23%
59070689,23%
59070672,23%
85925267,23%
7622201131937,8%
7622201133740,8%
7622201133771,8%
85925045,23%
85925052,23%
57027326,8%
57027302,8%
57026787,8%
7622210597335,23%
7622210937223,23%
7622210594532,5%
7622210594549,5%
7622300644635,5%
7622300644598,5%
7622300644611,5%
7622300644574,5%
7622300877460,5%
7622210936196,5%
7622210636621,5%
7622210636553,5%
7622210636461,5%
7622210936141,5%
7622210936165,5%
7622300674595,23%
7622210442086,23%
7622300719654,23%
7622210078131,23%
4025700001023,23%
7622210781109,23%
3045140280902,23%
7622210953681,23%
7622300530518,23%
7622200007332,23%
3045140105502,23%
7622400005190,23%
4025700001962,23%
5998711723491,23%
7622210078100,23%
4025700001450,23%
7622210597342,23%
7622210594723,23%
7622210406354,5%
7622210405302,5%
7622210403919,5%
7622210739797,23%
7622210781437,23%
7622300434472,5%
7622210683168,23%
7622210818546,5%
7622210818348,5%
5906747312107,5%
5906747312138,5%
5906747312169,5%
7622210491640,23%
7622210711472,23%
7622210591005,5%
7622300434328,5%
7622300434373,5%
7622210413147,5%
7622210818553,23%
7622210669315,5%
7622210998781,5%
7622210635785,5%
7622210540645,23%
7622300784751,5%
7622210607560,23%
7622210063113,5%
7622300813208,5%
7622300200237,23%
7622210217196,23%
7622210248671,23%
7622300465674,23%
7622210854636,5%
7622210703538,23%
7622210703569,23%
7622210604187,23%
7622210703521,23%
7622200009084,23%
7622400904608,23%
7622210240200,23%
7622210993595,23%
7622300313357,23%
76224935,23%
59939788,23%
7622210282866,23%
7622210282897,23%
7622210282835,23%
7622210968371,23%
7622210068071,23%
7622210276650,5%
7622210741677,23%
7622210717238,23%
7622210786074,23%
7622210928580,23%
7622210587251,23%
59075240,23%
7622210867711,23%
7622210862860,23%
7622210285065,23%
7622210285133,23%
7622210369444,23%
7622210821256,23%
7622210608826,23%
7622210998743,23%
7622210998767,23%
7622210653147,23%
7622210826053,23%
7622210489234,23%
7622210489258,23%
7622210656117,23%
7622210857989,23%
7622210653062,23%
7622210656087,23%
7622210712295,23%
7622300590970,5%
7622210645999,23%
7622210646033,23%
7622210646026,23%
7622200003938,23%
7622210943514,23%
7622210811783,23%
7622210694065,5%
7622210411587,5%
7622210137234,5%
7622210835338,5%
7622300444181,5%
7622300491215,5%
7622300491161,5%
7622210411679,5%
7622210681737,5%
7622210823090,5%
7622210659156,5%
5906747308964,5%
5906747308087,5%
5906747318451,5%
5906747305307,5%
7622210082404,5%
7622210083906,5%
5906747309688,5%
5906747314842,5%
5906747308889,5%
7622210309792,5%
7622210310002,5%
7622210309990,5%
7622210310408,5%
7622210310446,5%
7622210607874,5%
7622210310361,5%
5906747303983,5%
7622300728809,5%
5906747304010,5%
5906747309893,5%
7622210635488,5%
7622210694935,5%
7622210694621,5%
5900643040003,5%
5900643039984,5%
5900643039960,5%
5900643039946,5%
5900643039922,5%
4751008970777,5%
5900643009390,5%
5900643015568,5%
5900643015544,5%
5411188100188,23%
5900084007016,8%
5900084235075,8%
5900084011013,5%
5900084008013,8%
5900084006019,8%
5900084192606,8%
5900084241786,8%
5900084241786,8%
5900084012010,8%
5900084198509,8%
5900084198509,8%
5900084239660,8%
5900084023016,8%
5900084004015,8%
5900084001038,8%
5900084001014,8%
5900084235051,8%
5900084157018,8%
5900084156011,8%
5900084156011,8%
5900084203937,8%
5900084203951,8%
5900084241762,8%
5900084244190,8%
5900084244190,8%
5900084244213,8%
5900084013017,8%
5900084244237,8%
5900084014014,5%
5900084035019,5%
5900084015011,5%
5900084192804,8%
5900084239684,5%
5900084009010,8%
5900084235099,5%
5900084010016,5%
5900084034012,5%
5900084016018,8%
5900084054010,8%
5900084032018,8%
5900084025010,8%
5900084253802,8%
5900084253727,8%
5900084253819,8%
5900084253826,8%
5900084002035,8%
5900084235112,5%
5900084182010,8%
5900084182010,8%
5900084181013,8%
5900084239721,5%
5900084239707,5%
5900084235174,5%
5900084030014,5%
5900084143011,5%
5900084231183,5%
5900084002028,8%
5900084002011,8%
5900084253963,8%
5900084253963,8%
5900084241748,8%
5900084254007,8%
5900084255783,8%
5900084258029,8%
5900084043014,8%
5900084044011,8%
5900084081016,8%
5900084180016,8%
5900084235235,8%
5900084176019,8%
5900084235150,8%
5900084244893,8%
5900084175012,8%
5900084190305,8%
5900084038010,8%
5900084031011,8%
5900084244916,8%
5900084235211,8%
5900084235198,8%
5900084239608,8%
5900084239622,8%
5900084192309,8%
5900084246156,8%
5900084246163,8%
5900084246149,8%
5900084246170,8%
5900084061018,8%
5900084059015,8%
5900084062015,8%
5900084079013,8%
5900084149013,8%
5900084230933,8%
5900084231527,8%
5900084235136,8%
5900084027014,8%
5900084189019,8%
5900084190015,8%
5900084188012,8%
5900084204873,8%
5900084244930,8%
5900084230353,8%
5900084238168,8%
5900084238182,8%
5900084238144,8%
5900084262736,8%
5900084262798,8%
5900084262750,8%
5900084262774,8%
5900084039017,8%
5900084132015,8%
5900084243537,8%
5900084243599,8%
5900084235587,8%
5900084231541,8%
5900084229210,8%
5900084231565,8%
5900084235518,8%
5900084249058,8%
5900084253840,8%
5900084253864,8%
5900084249133,8%
5900084249096,8%
5900084249072,8%
5900084233330,8%
5900084233330,8%
5900084233378,8%
5900084233378,8%
5900084202787,8%
5900084202800,8%
5900084202800,8%
5900084233354,8%
5900084233354,8%
5900084255905,8%
5900084255912,8%
5900084255929,8%
5900084255868,8%
5900084255875,8%
5900084255899,8%
5900084191906,8%
5900084230483,8%
5900084230483,8%
5900084230506,8%
5900084230506,8%
5900084260701,8%
5900084260749,8%
5900084260725,8%
5900084260756,8%
5900084254083,8%
5900084254069,8%
5900084254571,8%
5900084254595,8%
5900084254618,8%
5900084254199,8%
5900084254212,8%
5900084254236,8%
5900084254250,8%
5900084254274,8%
5900084088015,8%
5900084089012,8%
5900084087018,8%
5900084128018,5%
5900084198707,5%
5900084245821,8%
5900084245845,8%
5900084245869,8%
5900084245883,8%
5900084245906,8%
5900084245920,8%
5900084238014,8%
5900084237932,8%
5900084236775,8%
5900084236812,8%
5900084236898,8%
5900084236799,8%
5900084236751,8%
5900084232807,5%
5900084232821,5%
5900084258043,8%
5900084258067,8%
5900084258104,5%
5900084258128,8%
5900084258142,8%
5900084258166,8%
5900084258180,8%
5900084258203,8%
5900084258227,5%
5900084258241,5%
5900084258265,5%
5900084258289,8%
5900084191302,8%
5900084191500,8%
5900084238595,8%
5900084194105,8%
5900084233538,8%
5900084238632,8%
5900084238656,8%
5900084219297,23%
5900084219310,8%
5900084219358,8%
5900084238618,8%
5900084255516,23%
5900084255493,23%
5900084259705,8%
5900084259644,8%
5900084249881,8%
5900084249904,8%
5900084253185,8%
5900084253192,8%
5900084253215,8%
5900084253239,8%
5900084229548,8%
5900084229609,8%
5900084237895,8%
5900084241809,8%
5900084229487,8%
5900084229456,8%
5900084229517,8%
5900084229425,8%
5900084229395,8%
5900084249928,8%
5900084050142,8%
5900084052160,8%
5900084063241,8%
5900084049238,8%
5900084228862,8%
5900084254724,8%
5900084254700,8%
5900084254649,8%
5900084254663,8%
5900084254687,8%
5900084097017,23%
5900084098014,23%
5900084198905,23%
5900084203685,23%
5900084202107,23%
5900084224048,23%
5900084253048,23%
5900084256582,23%
5908260255916,5%
5908260255893,5%
5902180740118,5%
5902180730119,5%
5908260250195,5%
5908260256180,5%
5908260250171,5%
5908260256227,5%
5908260256203,5%
9001466207911,5%
9001466207942,5%
5902451423207,5%
9001466231206,5%
5902451423214,5%
5902451423221,5%
5902451065162,5%
9001458065314,5%
9001458065215,5%
9001458065260,5%
5902451101501,5%
9001458065307,5%
5902451101549,5%
5902451101525,5%
5902451102546,5%
5902451011107,5%
5902451011206,5%
5902451011206,5%
5902451005038,5%
5902451102034,5%
5902451012104,5%
5902451103246,5%
5902451012203,5%
5902451012203,5%
5902451102805,5%
5902451005021,5%
5902451101587,5%
5902451040138,5%
5902451013156,5%
5902451013156,5%
5902451102607,5%
5902451101600,5%
5902451014054,5%
5902451015051,5%
5902451005168,5%
5902451016102,5%
5902451103222,5%
5902451016201,5%
5902451016201,5%
5902451005045,5%
5902451016010,5%
5902451101624,5%
5902451028105,5%
5902451028204,5%
5902451028112,5%
5902451103550,5%
5902451026156,5%
5902451026156,5%
5902451026552,5%
5902451011008,5%
5902451102096,5%
5902451102720,5%
5902451040015,5%
5902451040022,5%
5902451040008,5%
5902451040039,5%
5902451102645,5%
5902451018106,5%
5902451018205,5%
5902451102560,5%
5902451018014,5%
5902451019103,5%
5902451019202,5%
5902451019202,5%
5902451102621,5%
5902451019530,5%
5902451005069,5%
5902451101662,5%
5902451005601,5%
5902451005656,5%
5902451021205,5%
5902451005014,5%
5902451102669,5%
9001466204255,5%
9001466204262,5%
9001466204026,5%
9001466204040,5%
5902451031150,5%
5902451035158,5%
5902451050687,5%
5902451050304,5%
5902451036100,5%
5902451005984,5%
5902451040190,5%
5902451102072,5%
5902451070005,5%
5902451102324,5%
5902451070012,5%
5902451102058,5%
5902451070029,5%
5902451101785,5%
5902451102782,5%
5902451102768,5%
5902451103505,5%
5902451103482,5%
5902451103383,5%
5902451103406,5%
5902451103284,5%
5902451025104,5%
5902451022257,5%
5902451005052,5%
5902451040114,5%
5902451020307,5%
5902451020307,5%
5902451005090,5%
5902451102010,5%
5902451040107,5%
5902451102201,5%
5902451020208,5%
5902451020208,5%
5902451102522,5%
5902451005083,5%
5902451101686,5%
5902451039118,5%
5902451039101,5%
5902451040121,5%
5902451020314,5%
5902451025005,5%
5902451101709,5%
5902451102461,5%
5902451102508,5%
5902451005991,5%
5902451101242,5%
5902451103697,5%
5902451102126,5%
5902451102744,5%
5902451024107,5%
5902451024206,5%
5902451005380,5%
5902451102683,5%
5902451024015,5%
5902451101723,5%
5902451022202,5%
5902451022226,5%
5902451101327,5%
5902451101341,5%
5902451023209,5%
5902451005373,5%
5902451033109,5%
5902451033208,5%
5902451005359,5%
5902451102706,5%
5902451101648,5%
5902451101822,5%
5902451101457,5%
5902451101747,5%
5902451103147,5%
5902451101761,5%
5902451101846,5%
5902451101921,5%
5902451101860,5%
5902451101945,5%
5902451101990,5%
9001466219624,8%
9001466204712,8%
9001466221962,8%
9001466219457,8%
5902451176608,5%
5902451177667,5%
5902451170200,5%
5902451171108,5%
5902451160553,5%
5902451182821,5%
8033331580011,5%
9001466222655,5%
9001466222877,5%
9001466222716,5%
9001466222884,5%
9001466222754,5%
9001466222693,5%
9001466222891,5%
9001466222730,5%
9001466222907,5%
9001466222914,5%
9001466222792,5%
9001466222921,5%
9001466222938,5%
9001466222006,5%
9001466222020,5%
5902451102348,5%
5902451102386,5%
5902451102362,5%
745114148933,23%
9009500006872,23%
9009500009804,23%
9009500008630,23%
9009500007046,23%
9009500007510,23%
9009500003406,23%
9009500008722,23%
9009500011913,23%
9007200099149,23%
9007200099248,23%
9001382008463,23%
9001382008562,23%
9009500012309,23%
9007200048581,23%
9007200044187,23%
9007200043081,23%
9009500008418,23%
9009500008906,23%
9001458010017,5%
9001458011113,5%
9001458010604,5%
9001458111134,5%
9001458010079,5%
9001458011724,5%
9001458012059,5%
9001458013902,5%
9001458110779,5%
9001458013124,5%
9001458013001,5%
9001458013032,5%
38900014261,5%
38900014124,5%
38900014711,5%
38900012267,5%
38900012472,5%
38900092740,5%
38900090319,5%
9001466300582,5%
9001466301312,5%
9001466302159,5%
9001466300575,5%
9001466301831,5%
9001466301824,5%
9001466304542,5%
9001466302449,5%
9001466301749,5%
9001466301039,5%
9001466301275,5%
9001466301299,5%
9001466301374,5%
9001466304177,5%
9001458013292,5%
9001458013322,5%
9001458014305,5%
9001458014435,5%
9001458013193,5%
9001458013094,5%
9001458022942,5%
9001458022805,5%
9001458020146,5%
9001458024014,5%
9001458021815,5%
9001458023550,5%
9001458023505,5%
5902451111043,5%
9001466305778,5%
9001466304931,5%
5902451304933,5%
9001466301558,5%
9001466301572,5%
9001466305761,5%
9001466305624,5%
9001466304405,5%
9001466310321,5%
9001466300384,5%
9001466302111,5%
9001466302128,5%
9001466304139,5%
9001466305020,5%
9001466305242,5%
9001466304801,5%
9001466307826,5%
9001466304818,5%
9001466304832,5%
9001466305204,5%
9001466205979,5%
9001458044234,5%
9001458044296,5%
9001458033252,5%
9001458029972,5%
9001458030886,5%
9001458020207,5%
9001466310345,5%
9001458020276,5%
5902451030900,5%
5902451306289,5%
5902451030146,5%
5902451032744,5%
9001458030022,5%
5902451032638,5%
5902451306265,5%
9001458031746,5%
9001458031760,5%
9001458044098,5%
9001458044074,5%
9001458044272,5%
9001458043619,23%
9001458051744,5%
8690526065700,5%
8690526015798,5%
8690526060163,5%
8690526060231,5%
8690526060255,5%
8690526060248,5%
8690526065953,5%
8690526065946,5%
8690526065106,5%
8690526065113,5%
8690526065182,5%
8690526069043,5%
8690526069050,5%
8690526067100,5%
8690526069098,5%
8690526069128,5%
8690526060286,5%
8690526070285,5%
8690526060293,5%
8690526020228,5%
8690526047805,5%
8690526047799,5%
8584004010088,5%
8584004010071,5%
8584004010514,5%
8588000001712,5%
8588000001637,5%
8588000001651,5%
8584004024207,5%
8584004024306,5%
8584004024108,5%
8584004024818,5%
85814844,23%
8585000207243,23%
8585000208264,23%
8585000207045,23%
8584004150333,5%
8584004150340,5%
8584004041396,5%
8584004041419,5%
8584004041389,5%
8584004041426,5%
8584004041433,5%
8584004010828,5%
8584004010811,5%
8584004010835,5%
8584004031151,5%
8584004031137,5%
8584004031359,5%
80578369,23%
8002267100105,23%
80578291,23%
80578604,23%
80578611,23%
8002267100426,23%
8585000201197,23%
8585000207212,23%
8585000207472,23%
8585000203733,23%
8585000203757,23%
8585000207960,23%
8585000207953,23%
8585000208745,23%
8585000210335,23%
8585000209230,23%
8585000209247,23%
8585000209223,23%
8585000209872,23%
8585000207700,23%
8584004113550,5%
8584004113598,5%
8584004113574,5%
8584004113567,5%
8584004113628,5%
8584004113581,5%
8586007541460,23%
8586007541705,23%
8586007541361,23%
8586007541552,23%
8586007541262,23%
8586007541118,23%
8585000201586,23%
8586007541170,23%
8585000206437,23%
85817890,23%
8586007541538,23%
8584004800474,23%
8584004801594,23%
8586007542023,23%
8585000209728,23%
8586007541125,23%
8584004060434,23%
85814271,23%
85814301,23%
8586007542580,23%
85814349,23%
8586007541866,23%
85816237,23%
8586007542276,23%
8585000205478,23%
8586007540739,23%
8586007540746,23%
8584004304408,5%
8584004305443,5%
8586007540081,23%
8586007541224,23%
8586007541040,23%
8586007541644,23%
8586007542153,23%
8586007541637,23%
8586007541910,23%
8586007540951,23%
8586007541620,23%
8586007541286,23%
8586007541200,23%
8586007541613,23%
8586007541934,23%
85814288,23%
85814264,23%
85818934,23%
85818101,23%
85820265,23%
8586007542559,23%
85819801,23%
8585000210052,23%
8585000208462,23%
8585000208967,23%
8585000209575,23%
8585000208448,23%
8585000205478,23%
8586007540807,23%
8586007540791,23%
5901044021370,8%
5901044003079,8%
5901044017274,8%
5901044001396,8%
5901044002225,8%
5901044002522,8%
5901044020229,8%
5901044014037,8%
5901044014020,8%
5901044014044,8%
5901044014013,8%
5901044016352,8%
5901044016369,8%
5901044018103,8%
5901044018134,8%
5901044018097,8%
5901044019636,8%
5901044019704,8%
5901044019681,8%
5901044019698,8%
5901044019674,8%
5901044019650,8%
5901044019667,8%
5901044019643,8%
5901044020441,8%
5901044020434,8%
5901044021028,8%
5901044021035,8%
5901044021042,8%
5901044020793,8%
5901044020816,8%
5901044021103,8%
5901044021110,8%
5901044021356,8%
5901044021189,8%
5901044021196,8%
5901044021202,8%
5901044021288,8%
5901044020267,8%
5901044020243,8%
5901044020250,8%
5901044003611,8%
5901044003604,8%
5901044003581,8%
5901044003598,8%
5901044005806,8%
5901044005820,8%
5901044007589,8%
5901044005813,8%
5901044013863,8%
5901044016819,8%
5901044016802,8%
5901044016840,8%
5901044017809,8%
5901044016833,8%
5901044006476,8%
5901044015188,8%
5901044015171,8%
5901044015218,8%
5901044015195,8%
5901044021448,8%
5901044012248,8%
5901044012231,8%
5901044001433,8%
5901044004946,8%
5901044017779,8%
5901044002089,8%
5901044001419,8%
5901044002102,8%
5901044020212,8%
5901044015652,8%
5901044015669,8%
5901044011074,8%
5901044011159,8%
5901044001013,8%
5901044009361,8%
5901044001198,8%
5901044004182,8%
5901044001402,8%
5901044002126,8%
5901044001105,8%
5901044020236,8%
5901044018370,8%
5901044018363,8%
5901044018356,8%
5901044018615,8%
5901044018622,8%
5901044006513,8%
5901044003796,8%
5901044019476,23%
5901044019438,23%
5901044019490,23%
5901044019452,23%
5901044005738,23%
5901044019131,8%
5901044019155,8%
5901044019179,8%
5901044019391,8%
5901044019193,8%
5901044019216,8%
5901044019230,8%
5900320002775,5%
5900320001303,5%
5900320002614,5%
5900320003222,5%
5900320006735,5%
5900320006759,5%
5900320006872,5%
5900320006971,5%
5900320005950,5%
5900320001136,5%
5900320008463,5%
5900320008470,5%
5900320004908,5%
5900320005622,5%
5900320005868,5%
5900320003390,5%
5900320001334,5%
5900320008142,5%
5900320008166,5%
5900320004236,5%
5900320006315,5%
5900320003420,5%
5905187109001,5%
5905187108981,5%
5905187109025,5%
5905187109063,5%
5905187115347,5%
5905187115316,5%
5905187115286,5%
5905187801028,5%
5905187801066,5%
4001242002957,8%
5905187114746,5%
5905187114821,5%
5905187114753,5%
5905187114760,5%
5905187114777,5%
5905187114784,5%
5905187114807,5%
5905187114685,5%
5905187114692,5%
5905187114678,5%
5905187114838,5%
5905187114715,5%
5905187114708,5%
5905187114845,5%
5905187117440,5%
5905187117471,5%
5905187117501,5%
5905187114883,5%
5905187104372,5%
5905187104419,5%
5905187107441,5%
5905187001985,5%
5905187002005,5%
5905187001213,5%
5905187001190,5%
5905187000186,5%
5905187002050,5%
5905187004382,5%
5905187004351,5%
5905187003897,5%
5905187001237,5%
5905187300170,5%
5905187200753,5%
5905187200791,5%
5905187200753,5%
5905187200791,5%
5905187201057,5%
4018077798818,5%
4017100759000,5%
5905187700420,5%
4018077764011,5%
4018077765070,5%
4018077629150,5%
4017100749001,5%
4018077791123,5%
5900617036339,5%
5900617013880,5%
5900617036162,5%
5900617013736,5%
5900617031945,5%
5900617032935,5%
5900617036353,5%
5900617036148,5%
5900617037848,5%
5900617037862,5%
5900617032959,5%
5900617032997,5%
5900617003584,5%
5900617011138,5%
5900617011121,5%
5900617012906,5%
5900617012883,5%
5900617011145,5%
5900617012869,5%
5900617030801,5%
5900617030825,5%
5900617030849,5%
5900617031723,5%
5900617031709,5%
5900617031686,5%
5900617033321,5%
5900617034779,5%
5900617036704,5%
5900617036728,5%
5900617031747,5%
5900617033369,5%
5900617031761,5%
5900617033383,5%
5900617013064,5%
5900617013088,5%
5900617013101,5%
5900617013149,5%
5900617035882,5%
5900617035905,5%
5900617035929,5%
5900617031075,5%
5900617038265,5%
5900617035813,5%
5900617038289,5%
5900617032508,5%
5900617035677,5%
5900617035677,5%
5900617030078,5%
5900617035691,5%
5900617035691,5%
5900617030092,5%
5900617035714,5%
5900617035714,5%
5900617030115,5%
5900617038111,5%
5900617037435,5%
5900617029058,5%
5900617029072,5%
5900617029034,5%
5900617032478,5%
5900617038685,5%
5900617038708,5%
5900617002051,5%
5900617011084,5%
5900617002006,5%
5900617001962,5%
5900617001979,5%
5900617001986,5%
5900617001955,5%
5900617003454,5%
5900617012197,5%
5900617036377,5%
5900617036391,5%
5900617011558,5%
5900617012043,23%
5996071650631,23%
5996071650655,23%
5996071657319,23%
4011800568412,23%
4011800567811,23%
4011800552114,23%
3175681126046,23%
8410179015804,5%
8410179015811,5%
8410179015828,5%
5902172000718,5%
5902172000794,5%
5906747172220,5%
5906747172893,5%
5906747172916,5%
5906747172213,5%
5902172000701,8%
5902172000046,5%
5902172001500,5%
5902172000053,5%
5902172000060,5%
5902172000022,5%
5902172000121,5%
5906747173135,5%
5902172000107,5%
5906747174187,5%
5906747174170,5%
5906747172619,5%
5902172001258,5%
5906747174835,5%
5902172000145,5%
5902172000411,5%
5902172000367,5%
5902172000091,5%
5902172000312,5%
5906747173401,5%
5902172000077,5%
5902172000398,5%
5902172000268,5%
5902172000695,5%
5902172000572,5%
5906747174194,5%
5906747175047,5%
5906747175030,5%
5906747175054,5%
5906747175788,5%
5906747175795,5%
5906747175801,5%
5902172000381,5%
5902172000428,5%
5902172000138,5%
5902172001098,5%
5902172001081,5%
5906747171414,5%
5906747171421,5%
5906747172817,5%
5906747170691,5%
5906747170707,5%
5906747170684,5%
5906747171971,5%
5906747175023,5%
5906747175009,5%
5906747174996,5%
5906747175016,5%
5906747174378,5%
5906747174392,5%
5906747174415,5%
5906747174453,5%
5906747174491,5%
5906747174514,5%
5906747174538,5%
5906747174552,5%
5902172000206,5%
5902172000213,5%
5902172000220,5%
5902172000282,5%
5906747172626,5%
5906747173333,5%
5906747172855,5%
5902172000404,5%
5902172000350,5%
5906747173111,5%
5906747173098,5%
5906747170196,5%
5906747170189,5%
5906747174217,5%
5906747174200,5%
5902172001845,5%
5902172001111,5%
5902172000114,5%
5902172000305,5%
5902172000152,5%
5902172001838,5%
5902172001159,5%
5902172000329,5%
5902172001166,5%
5902172000589,5%
5906747171261,5%
5906747172954,5%
5906747173340,5%
5906747172930,5%
5906747173364,5%
5906747175696,5%
5906747175672,5%
5906747174330,5%
5906747174354,5%
5906747174316,5%
5906747174255,5%
5906747174279,5%
5906747174293,5%
5902172001524,5%
5902172001555,5%
5902172001937,5%
5902172001920,5%
5902172001944,5%
5906747170479,5%
5906747173166,5%
5906747173180,5%
5906747173050,23%
5906747173074,23%
5906747172459,23%
5906747172473,23%
5906747175504,23%
5906747175511,23%
5906747175528,23%
5906747175535,23%
5906747174972,5%
5906747174989,5%
5906747174965,5%
5901888014767,5%
5901888014781,5%
5901888014866,5%
5901888014842,5%
5901888015955,23%
5901888015931,23%
5901888015979,5%
5901885581606,5%
5901885581583,5%
5901885581767,5%
5901885581620,5%
9312631153521,8%
9312631153507,8%
9312631153545,8%
9312631153484,8%
9312631153491,8%
9312631153538,8%
9312631153552,8%
9312631153514,8%
9312631143836,8%
9312631143843,8%
9312631143850,8%
9312631143812,5%
9312631149104,5%
5901882013001,5%
5901882777712,5%
5901882777712,5%
5901882700048,5%
5901882700086,5%
5901882010024,23%
5901882017504,5%
5901882310308,8%
5901882310278,8%
5901882127067,8%
5901882127098,8%
5901882199910,5%
5901882199927,5%
5901882777842,5%
5901882019867,5%
5901882019843,5%
5901882198210,5%
5901882198326,5%
5901882941519,5%
5901882900028,5%
5901882900011,5%
5901882120365,5%
5901882188853,5%
5901882017771,5%
5901882188815,5%
5901882017795,5%
5901882012462,5%
5901882013988,5%
5901882013926,5%
5901882013957,5%
5901882137677,5%
5901882137677,5%
5901882270022,5%
5901882270169,5%
5901882270039,5%
5901882270138,5%
5901882220652,8%
5901882260184,8%
5901882226234,8%
5901882220669,8%
5901882260139,8%
5901882250161,8%
5901882310186,8%
5901882310247,8%
5901882310124,8%
5901882127319,8%
5901882120723,8%
5901882018327,8%
5901882018990,8%
5901882019010,8%
5901882800212,8%
5901882800274,8%
5901882800168,8%
5901882099975,8%
5901882200920,8%
5901882800113,8%
5901882800120,8%
5901882100091,8%
5901882226258,8%
5901882220614,8%
5901882220638,8%
5901882221024,8%
5901882311749,8%
5901882220621,8%
5901882220645,8%
5901882220027,8%
5901882200708,8%
5901882311947,8%
5901882012400,8%
5901882137547,5%
5901882137707,5%
5901882270008,5%
5901882127128,5%
5901882018846,5%
5901882018822,5%
5901882018884,5%
5901882018785,5%
5901882018921,5%
5901882014367,5%
5901882014343,5%
5901882014381,5%
5901882014466,5%
5901882014480,5%
5901882019904,5%
5901882019928,5%
5901882019980,5%
5901882019966,5%
5901882210226,8%
5901882220058,8%
5901882210288,8%
5901882210264,8%
5901882210110,8%
5901882210394,8%
5901882210073,8%
5901882210097,8%
5901882311244,8%
5901882311213,8%
5901882110014,5%
5901882110069,5%
5901882110168,5%
5901882110083,5%
5901882110151,5%
5901882110090,5%
5901882110120,5%
5901882110106,5%
5901882110021,5%
5901882110175,5%
5901882132061,5%
5901882132085,5%
5901882014893,5%
5901882014923,5%
5901882014930,5%
5901882017627,5%
5901882017849,5%
5901882017863,5%
5901882017825,5%
5901882110298,5%
5901882110304,5%
5901882119468,5%
5901882120198,5%
5901882110502,5%
5901882110489,5%
5901882110465,5%
5901882018563,5%
5901882019102,5%
5901882018723,5%
5901882018747,5%
5901882018761,5%
5901882115057,5%
5901882115064,5%
5901882111301,5%
5901882110229,5%
5901882311725,5%
5901882311701,5%
5901882311688,5%
5901882018587,5%
5901882019126,5%
5901882018600,5%
5901882018624,5%
5901882018648,5%
5901882311824,5%
5901882311862,5%
5901882311848,5%
5901882119963,5%
5901882119987,5%
5901882119970,5%
5901882018662,5%
5901882018686,5%
5901882018709,5%
5901882311374,23%
5901882120280,5%
5901882120228,5%
5901882120259,5%
5901882200050,5%
5901882220744,23%
5901882120914,23%
5901882220676,8%
5901882012431,8%
5901882010208,8%
5901882017542,5%
5901882120693,5%
5900344008999,5%
5900344009019,5%
5900344009033,5%
5900344011210,5%
5900344901788,5%
5900344901795,5%
5900344901801,5%
5900344992175,5%
5900344403664,5%
5900344403688,5%
5900344403701,5%
5900344403725,5%
5900344003482,5%
5900344003505,5%
5900344003529,5%
5900344014631,5%
5900344014655,5%
5900344014679,5%
5900344013719,5%
5900344013382,5%
5900344013375,5%
5900344005714,5%
5900344016697,5%
5900344016260,5%
5900344300994,5%
5900344016888,5%
5900344121582,5%
5900344086133,5%
5900344121551,5%
5900344005578,5%
5900344005592,5%
5900344005615,5%
5900344901252,5%
5900344901269,5%
5900344901276,5%
5900344901665,5%
5900344901672,5%
5900344009958,5%
5900344009996,5%
5900344010213,5%
5900344701913,5%
5900344701920,5%
5900344701937,5%
5900344701890,5%
5900344300949,5%
5900344015454,5%
5900344015478,5%
5900344700367,5%
5900344700602,5%
5900344700862,5%
5900344700879,5%
5900344701272,5%
5900344700510,5%
5900344018714,5%
5900344018738,5%
5900344018745,5%
5900344018776,5%
5900344018110,5%
5900344018134,5%
5900344018141,5%
5900344018172,5%
5900344016710,5%
5900344016642,5%
5900344016666,5%
5900344009293,5%
5900344018271,5%
5900344400984,5%
5900344402124,5%
5900344403350,5%
5900344403374,5%
5900344403381,5%
5900344403398,5%
5900344400724,5%
5900344401011,5%
5900344401028,5%
5900344401158,5%
5900344101447,5%
5900344102444,5%
5900344600551,5%
5900344600520,5%
5900344003710,5%
5900344103106,5%
5900344103151,5%
5900344900446,5%
5900344900453,5%
5900344900774,5%
5900344006490,8%
5900344007848,8%
5900344007862,8%
5900344501506,8%
5900344501513,8%
5900344503937,8%
5900344501520,8%
5900344015928,8%
5900344015966,8%
5900344015980,8%
5900344006339,8%
5900344006476,8%
5900344016734,8%
5900344009910,8%
5900344006834,8%
5900344006179,8%
5900344005691,8%
5900344011715,8%
5900344501476,5%
5900344501483,8%
5900344501490,8%
5900344501971,8%
5900344015713,8%
5900344500400,5%
5900344501995,8%
5900344501599,8%
5900344006674,8%
5900344012392,8%
5900344006537,8%
5900344501704,5%
5900344014549,8%
5900344014501,8%
5900344014525,8%
5900344014563,8%
5900344502619,8%
5900344504231,8%
5900344504248,8%
5900344007701,8%
5900344500554,8%
5900344504163,8%
5900344504149,8%
5900344500653,5%
5900344500738,5%
5900344504101,8%
5900344500691,5%
5900344901221,5%
5900344901238,5%
5900344901245,5%
5900344900026,5%
5900344901368,5%
5900344901344,5%
5900344901351,5%
5900344902099,5%
5900344901337,5%
5900344901320,5%
5900344005219,5%
5900344201406,5%
5900344201109,5%
5900344016758,8%
5900344013924,8%
5900344013931,8%
5900344009934,8%
5900344035100,8%
5900344035032,5%
5900344035018,5%
5900344035278,5%
5900344810172,5%
5900344035056,5%
5900344800531,5%
5900344800555,5%
5900344800838,5%
5900344800609,8%
5900344801620,8%
5900344801613,5%
5900344801682,8%
5900344802115,8%
5900344005455,8%
5900344007343,5%
5900344009415,8%
5900344009439,8%
5900344009453,8%
5900344009477,8%
5900344009491,8%
5900344009514,8%
5900344800432,5%
5900344800449,5%
5900344002201,8%
5900344002225,8%
5900344002263,8%
5900344002324,8%
5900344002287,8%
5900344016130,5%
5900344016154,5%
5900344015379,5%
5900344016116,5%
5900344015393,5%
5900344016413,5%
5900344016413,5%
5900344003604,5%
5900344003604,5%
5900344031645,5%
5900344032642,5%
5900344413045,5%
5900344038118,5%
5900344413076,5%
5900344413083,5%
4021900190192,5%
5907554160523,5%
5907554160516,5%
5907554161148,5%
5907554161155,5%
5907554161162,5%
5907554161186,5%
5907554161179,5%
5905034881203,5%
5905034881302,5%
5905034881319,5%
5905034881401,5%
5905034881418,5%
5905034881104,5%
5905034881111,5%
5907554160974,5%
5905034881050,5%
5905034881036,5%
5905034881029,5%
5907554160684,5%
5907554161025,5%
5907554160776,5%
5907554160769,5%
5907554160752,5%
5907554160783,5%
5907554160790,5%
5907554161001,5%
5907554161018,5%
5907554161193,8%
5907554161209,8%
5907554161216,8%
5901150004991,5%
5901150000115,5%
5901150000290,5%
5900344003857,5%
5900344003895,5%
5900344003871,5%
5901150001143,5%
5901150000986,5%
5901150000962,5%
5904341540766,5%
5901150001389,5%
5901150001402,5%
5901150001372,5%
5901150000092,5%
5904341540193,5%
5901150002652,5%
5901150002645,5%
5900344007039,8%
5900344007015,8%
5901489215273,5%
5901489215280,5%
5901489219035,5%
5901489219042,5%
5901489222974,5%
5901489222981,5%
5901489222967,5%
5901489222950,5%
5901489222998,5%
5901489223001,5%
5901489223018,5%
5901489223025,5%
5901489222929,5%
5901489222936,5%
5901489223056,5%
5901489223032,5%
5901489223049,5%
5701145059001,5%
5901489213736,5%
5901489213750,5%
5901489223551,5%
5701145296000,5%
5701145297007,5%
5901489220826,5%
5901489216423,5%
5901489216430,5%
5901489216416,5%
5901489216409,5%
0034800600955,5%
0034800600962,5%
0034800600986,5%
5901489142050,5%
5901489142067,5%
5901489124070,5%
5901489124087,5%
5901489124094,5%
5901489221823,5%
5901489221830,5%
5901489221847,5%
5901489045313,5%
5901489045351,5%
6111003030933,5%
6111003030926,5%
7046271503027,5%
5901489205649,5%
5901489205656,5%
5901489142272,5%
5901489142241,5%
5901489142302,5%
5901489142333,5%
5901489142029,5%
5901489142036,5%
5901489221809,5%
5901489221816,5%
5901489221854,5%
5901489154145,5%
5901489971209,5%
5901489215860,5%
5901489215129,5%
5901489215853,5%
5901489214856,5%
5901489215884,5%
5901489215877,5%
5907368740263,5%
5907368740409,5%
5907368740560,5%
5900488340184,5%
5900488341822,5%
5907368740607,5%
5907368740010,5%
5907368740003,5%
5907368740096,5%
5907368740584,5%
5907368740294,5%
5900488342416,5%
5907368740034,5%
5907368740027,5%
5907368740188,5%
5907368740249,5%
5900488340429,5%
5900488341297,5%
5907368740256,5%
5900488340047,5%
5900488343192,5%
5900488341587,5%
5900488341570,5%
5907368740614,5%
5900488340412,5%
5907368740591,5%
5907368740577,5%
5907368740270,5%
5907368740232,5%
5907368740324,5%
5900488340566,5%
5900488340573,5%
5907368740157,5%
5907368740225,5%
5907368740195,5%
5900488340139,5%
5907368749976,5%
5907368749983,5%
5907368749969,5%
5907368749952,5%
5900488342959,5%
5907749201086,5%
5907749200119,5%
5907749200126,5%
5907749200102,5%
5907749200027,5%
5907368749938,5%
5907368749921,5%
5900488340030,5%
5907368749990,5%
5907368740379,5%
5907368749945,5%
5900488340214,5%
5900488341129,5%
5900488340672,5%
5900488341723,5%
5900488342232,5%
5900488341730,5%
5900488342249,5%
5900488340351,5%
5900488340368,5%
5907749200737,5%
5907368740072,5%
5907749200744,5%
5900488341488,5%
5900488341495,5%
5900488341501,5%
5900488341877,5%
5900488341754,5%
5900488341143,5%
5900488341143,5%
5900488341150,5%
5900488342805,5%
5907749200812,5%
5907749200799,5%
5907749200607,5%
5907749200706,5%
5907749200614,5%
5907749200621,5%
5907749201130,5%
5907749200652,5%
5907749205046,5%
5907749200188,5%
5907749200140,5%
5907749200034,5%
5907749200058,5%
5907749200263,5%
5907749200010,5%
5907749200089,5%
5907749200171,5%
5907749200690,5%
5907749200065,5%
5907749200324,5%
5907749201147,5%
5907749200096,5%
5907749202199,5%
5907749202090,5%
5907749200256,5%
5907749200249,5%
5907749201079,5%
5907749201055,5%
5902978002350,23%
5902978002381,23%
5902978002114,23%
5902978008451,23%
5902978002589,23%
5902978002428,23%
5902978002374,23%
5902978002732,23%
5902978008307,23%
5902978020231,23%
5902978020224,23%
5902978020248,23%
5902978020675,23%
5902978020590,23%
5902978020422,23%
5902978041007,5%
-,5%
-,5%
5902978004163,5%
5902978004682,5%
5902978041649,5%
5902978041403,5%
5902978040697,5%
5902978041694,5%
5902978040352,5%
5902978040376,5%
5902978041212,5%
-,5%
5902978040086,5%
5902978040055,5%
5902978040338,5%
-,5%
5902978005016,5%
5902978005474,5%
-,5%
-,5%
-,5%
-,5%
5902978060435,5%
5902978060466,5%
5902978060497,5%
5902978061272,5%
5902978061913,5%
5902978061920,5%
5902978061180,5%
5902978061357,5%
5902978060206,5%
5902978060213,5%
5902978060220,5%
5902978060985,5%
5902978060954,5%
5902978061296,5%
5902978061401,5%
5902978061395,5%
5902978061487,5%
5902978061531,5%
5902978061890,5%
5902978061906,5%
5902978062194,5%
5902978060664,5%
5902978060688,5%
5902978060671,5%
5902978060695,5%
5902978060701,5%
5902978061500,5%
5902978061494,5%
5902978061869,5%
5902978006013,5%
5902978006310,5%
5902978006464,5%
-,5%
-,5%
-,5%
-,5%
5902978008871,5%
5902978080198,5%
-,5%
-,5%
-,5%
5902978080143,5%
5902978080150,5%
5902978008390,5%
-,5%
5900259099211,5%
5900259099259,5%
5900259099235,5%
5900259099273,5%
5900259096647,5%
5900259093127,5%
5900259093141,5%
5900259099396,5%
5900259099372,5%
5900259099358,5%
5900259099433,5%
5900259099419,5%
5900259097163,5%
5900259097149,5%
5900259097125,5%
5900259097187,5%
5900259097200,5%
5900259097262,5%
5900259097248,5%
5900259096869,5%
5900259096845,5%
5900259096883,5%
5900259099532,5%
5900259099518,5%
5900259099686,5%
5900259099723,5%
5900259099709,5%
5900259102553,5%
5900259102560,5%
5900259099778,5%
5900259099822,5%
5900259099792,5%
5900259099297,5%
5900259099457,5%
5900259096821,5%
5900259101938,5%
5900259096807,5%
5900259097101,5%
5900259097224,5%
5900259096777,5%
5900259096746,5%
5900259096722,5%
5900259097040,5%
5900259097064,5%
5900259097088,5%
5900259100146,5%
5900259100184,5%
5900259100160,5%
5900259087126,5%
5900259087140,5%
5900259087164,5%
5900259353276,5%
5900259028945,5%
5900259029041,5%
5900259029096,5%
5900259107374,5%
5900259107329,5%
5900259067982,5%
5900259068002,5%
5900259067999,5%
5900259067821,5%
5900259067814,5%
5900259092694,5%
5900259107404,5%
5900259107350,5%
5900259090621,5%
5900259090645,5%
5900259094469,5%
5900259094483,5%
5900259099099,5%
5900259099150,5%
5900259099129,5%
5900259099181,5%
5900259094728,5%
5900259094704,5%
5900259094681,5%
5900259106667,5%
5900259047014,5%
5900259054623,5%
5900259047045,5%
5900259073068,5%
5900259073044,5%
5900259073112,5%
5900259073082,5%
5900259073143,5%
5900259073297,5%
5900259073266,5%
5900259073327,5%
5900259073204,5%
5900259073235,5%
5900259073174,5%
5900259100856,5%
5900259100832,5%
5900259084019,5%
5900259083982,5%
5900259104694,5%
5900259107749,5%
5900259013552,5%
5900259013613,5%
5900259029805,5%
5900259029799,5%
5900259073563,5%
5900259073525,5%
5900259073358,5%
5900259073389,5%
5900259087393,5%
5900259087522,5%
5900259087430,5%
5900259087478,5%
5900259087560,5%
5900259087607,5%
5900259087850,5%
5900259087898,5%
5900259087652,5%
5201360521005,5%
5201360565207,5%
5201360799251,5%
5201360521210,5%
5201360521616,5%
5201360521562,5%
5201360527205,5%
5201360528608,5%
5201360531332,5%
5201360531318,5%
5201360571208,5%
5201360543205,5%
5201360543700,5%
5201360543601,5%
5201360531172,5%
5201360535705,5%
5201360535903,5%
5201360535828,5%
5201360535507,5%
5201360531141,5%
5201360532506,5%
5201360531936,5%
5201360531929,5%
5201360509188,5%
5201360509683,5%
5201360509485,5%
5201360600304,5%
5201360655571,5%
5201360600625,5%
5201360605743,5%
5201360655557,5%
5201360795345,5%
5201360795741,5%
5900084261197,8%
5900084261210,8%
5900084244992,8%
5900084245036,5%
5900084245050,8%
5900084245296,8%
5900084254106,8%
5900084245210,8%
5900084245234,8%
5900084254977,8%
5900084245258,8%
5900084244954,5%
5900084245098,8%
5900084245111,5%
5900084245159,5%
5900084245272,8%
5900084245678,8%
5900084244978,8%
5900084245012,5%
5900084245074,5%
5900084245135,5%
5900084245173,8%
5900084245197,8%
5900084241021,8%
5900084245432,8%
5900084195805,8%
5900084245616,8%
5900084245470,8%
5900084245494,8%
5900084245517,8%
5900084245531,8%
5900084245555,8%
5900084245579,8%
5900084245654,8%
5900084229142,8%
5900084203913,8%
5900084229081,8%
5900084229074,8%
5900084196208,8%
5900084245319,8%
5900084203142,8%
5900084245371,8%
5900084203180,8%
5900084245333,8%
5900084245395,8%
5900084245418,8%
5900084203166,8%
5900084224345,8%
5900084203890,8%
5900084245692,8%
5900084245715,23%
5900084245739,23%
5900084245753,23%
5900084203289,23%
5900084245777,8%
5900102021642,5%
5900102021635,5%
5900102014187,5%
5900102021376,5%
5900788444124,23%
5900788342048,23%
5901076000114,23%
5900788440768,23%
5901076000411,23%
5900788600162,23%
5900788400144,23%
5900788226089,23%
5900788401158,23%
5900788342086,23%
5900788201017,23%
5900788342055,23%
5900788442311,23%
5900788400137,23%
5900788200034,23%
5900788402025,23%
5900788940954,23%
5900788742459,23%
5900788943238,23%
5900788742916,23%
5900788743531,23%
5900788242027,23%
5900788943283,23%
5900788143911,23%
5900788343328,23%
5900788144246,23%
5900788240795,23%
5900788240801,23%
5900788440997,23%
5900788744224,23%
5900788243598,23%
5900788243581,23%
5900788443721,23%
5900788244915,23%
5900788270006,23%
5900571050334,5%
5900571052918,5%
5900571050303,5%
5900571052871,5%
5900571006058,5%
5900571101166,5%
5900571101142,5%
5900571101166,5%
5900571052918,5%
5900571052871,5%
5900571102248,5%
5900571000025,5%
5900571001251,5%
5900571001176,5%
5900571001527,5%
5900571001039,5%
5900571100909,5%
5900571102194,5%
5900571100039,5%
5900571100312,5%
5900571101531,5%
5900571101517,5%
5900571101579,5%
5900571101494,5%
5900571101555,5%
5900571101821,5%
5900571000070,5%
5900571001206,5%
5900571000063,5%
5900571001268,5%
5900571006010,5%
5900571100817,5%
5900571101395,23%
5900571101418,23%
5900571102088,23%
5900571101371,23%
5900571000056,23%
5900571001299,23%
5900571000049,5%
5900571001282,5%
5900571001305,5%
5900571001183,5%
5900571002715,5%
5900571001305,5%
5900571001275,5%
5900571002692,5%
5900571100787,5%
5900571111363,5%
5900571101432,5%
5900571050020,5%
5900571050013,5%
5900571050037,5%
5900571100855,5%
5900571102439,5%
5900571052628,5%
5900571052482,5%
5900571052529,5%
5900571052505,5%
5900571051317,5%
5900571051324,5%
5900571300491,5%
5900571101319,5%
5900571053137,5%
5900073020217,5%
5900073020262,5%
5900073020293,5%
5900073020330,5%
5900073020453,5%
5900073020347,5%
5900073020484,5%
5900073020422,5%
5900073020415,5%
5900073020408,5%
5900073020248,5%
5900073020231,5%
5900073181048,5%
5900073181055,5%
5900073020156,5%
5900073020040,5%
5900073020033,5%
5900073020095,5%
5900073020088,5%
5900073020071,5%
5900073180942,5%
5900073180935,5%
5900073180959,5%
5900073180966,5%
5900073020125,5%
5900073020187,5%
5900073020118,5%
8594006095396,5%
8594006095389,5%
5900445000021,5%
5900445000014,5%
5900445000045,5%
5901713001047,5%
5901713001245,5%
5901713014658,5%
5901713000071,5%
5901713016034,5%
5901713016027,5%
5901713003539,5%
5901713004390,5%
5901713002693,5%
5901713011770,5%
5901713011763,5%
5901713005083,5%
5901713016270,5%
5901713016287,5%
5901713016294,5%
5901713010605,8%
5901713010599,8%
5901713012210,8%
5901713012227,8%
5901713012173,8%
5901713012180,8%
5901713012197,8%
5901713012203,8%
5901713013583,8%
5901713010629,8%
5901713010612,8%
5901713012524,5%
5901713015648,5%
5901713000415,5%
5901713006189,5%
5901713002037,5%
5901713000347,5%
5901713011022,5%
5901713011039,5%
5901713011046,5%
5901713015655,5%
5901713016546,5%
5901713014399,5%
5901713014412,5%
5901713014436,5%
5901713001795,5%
5901713001658,5%
5901713016928,5%
5901713001665,5%
5901713016935,5%
5901713001023,5%
5901713001528,5%
5901713001016,5%
5901713003072,5%
5901713005434,5%
5901713010322,5%
5901713013378,5%
5901713009081,5%
5901713010315,5%
5901713013385,5%
5901713010308,5%
5901713001221,5%
5901713003874,5%
5901713000057,5%
5901713000248,5%
5901713006783,5%
5901713013231,5%
5901713014160,5%
5901713000040,5%
5901713001399,5%
5901713016911,5%
5901713017284,5%
5901713017277,5%
5901713015617,5%
5901713006561,5%
5901713000361,5%
5901713001313,5%
5901713015624,5%
5901713015631,5%
5901713003546,5%
5901713004512,5%
5901713002624,5%
5901713006318,5%
5901713017345,5%
5901713004185,5%
5901713017338,5%
5901713006516,5%
5901713011695,8%
5901713009135,8%
5901713003911,8%
5901713003928,8%
5901713003904,8%
5901713004642,8%
5901713005441,8%
5901713005533,8%
5901713004635,8%
5901713007131,8%
5901713011664,5%
5901713009470,5%
5901713009456,5%
5901713009449,5%
5901713009463,5%
5901713009487,5%
5901713013453,5%
5901713009494,5%
5901713002853,5%
5901713000446,5%
5901713005939,5%
5901713013026,5%
5901713012920,8%
5901713012937,8%
5901713012944,8%
5901713012951,8%
5901713013002,8%
5901713012968,8%
5901713012975,8%
5901713012982,8%
5901713012999,8%
5901713000224,8%
5901713000392,8%
5901713000545,8%
5901713001351,8%
5901713003836,5%
5901713002495,5%
5901713004307,5%
5901713003195,5%
5901713010681,5%
5901713010698,5%
5901713010667,5%
5901713010674,5%
5901713002051,5%
5901713007674,5%
5901713000231,5%
5901713012548,5%
5901713001979,5%
5901713000187,5%
5901713002211,5%
5901713013033,8%
5901713015020,5%
5901713014986,5%
5901713014993,5%
5901713015013,5%
5901713015006,5%
5901713015037,5%
5901713015341,5%
5901713015358,5%
5901713015334,5%
5901713016171,5%
5901713016188,5%
5901713016195,5%
5901713016201,5%
5901713016232,5%
5901713016256,5%
5901713016218,5%
5901713016263,5%
5901713016249,5%
5901713016225,5%
8594002834142,5%
8594002834135,5%
8594002835835,5%
8594002838423,5%
8594002838447,5%
8594002838461,5%
8594002834746,5%
8594002834630,5%
8594002834654,5%
8594002834715,5%
8594002834678,5%
8594002834692,5%
8594002834685,5%
8594002834784,5%
8594002835224,5%
8594002836481,5%
8594002836436,5%
8594002836375,5%
8594002836443,5%
8410352006445,5%
8004350730053,5%
8004350730183,5%
8004350730220,5%
8004350730497,5%
8004350730558,5%
8004350000781,5%
8004350731005,5%
8004350000552,5%
8004350731159,5%
8004350001559,5%
8004350001344,5%
8004350002129,5%
8004350000255,5%
8004350000774,5%
8004350720719,5%
8004350002211,5%
8004350001566,5%
8004350711045,5%
8004350738806,5%
8004350001597,5%
8004350001580,5%
8004350720030,5%
8004350735737,5%
8004350730190,5%
8004350730312,5%
8004350730800,5%
8004350730114,5%
8004350000767,5%
8004350730572,5%
8004350730039,5%
8004350731043,5%
024000104384,5%
024000104360,5%
024000104391,5%
24000012306,5%
024000012313,5%
024000012412,5%
024000003649,5%
24000010418,5%
24000025528,5%
24000025993,5%
24000012412,5%
24000010418,5%
24000003649,5%
024000012313,5%
24000076278,5%
24000067931,5%
24000143635,5%
24000124573,5%
5906425171392,5%
5906425170913,5%
5906425170029,5%
5906425170050,5%
5906425174270,5%
5906425171897,5%
5906425130085,8%
5906425130061,8%
5906425130054,8%
5906425130269,8%
5906425130511,8%
5906425130597,8%
5906425130603,8%
5906425122066,8%
5906425120079,8%
5906425120543,8%
5906425121694,8%
5906425120925,8%
5906425120796,8%
5906425122080,8%
5906425121892,8%
5906425122011,8%
5906425120550,8%
5906425120215,8%
5906425121427,8%
5906425121229,8%
5906425121557,8%
5906425121625,8%
5906425121649,8%
5906425170036,5%
5906425150229,8%
5906425150021,8%
4006824000529,8%
5906425150175,8%
5906425150168,8%
5906425150649,8%
5906425150359,8%
5906425150366,8%
5906425111398,8%
5906425111374,8%
5906425110292,8%
5906425110490,8%
5906425110285,8%
5906425110339,8%
4041131001067,8%
5906425110841,8%
5906425110094,8%
8586012613343,8%
3563490012276,8%
5906425113675,8%
5906425113682,8%
5906425113699,8%
5906425113729,8%
5906425111121,8%
5906425113743,8%
5906425113491,8%
5906425113804,8%
5906425113811,8%
5906425113545,8%
5906425110032,8%
5906425110018,8%
5906425110025,8%
5906425110476,8%
5906425113088,8%
5906425111763,8%
5906425160105,23%
5906425160129,23%
5906425160037,23%
5906425160075,23%
5906425160051,23%
5906425160013,23%
5906425173952,5%
5906425170920,8%
5906425171620,8%
5906425171323,5%
5906425171552,5%
5906425172146,5%
5906425171729,5%
5906425172221,5%
5906425171422,5%
5906425173884,5%
5906425173907,5%
5906425172115,5%
5906425172092,5%
5906425130566,8%
4006824000260,8%
5906425171101,8%
5906425140749,8%
8411007206593,8%
8411007630015,8%
8411007206555,8%
8411007206548,8%
5906425141944,8%
5906425143122,8%
5906425143139,8%
5906425140138,8%
4006824992275,8%
5906425140947,8%
5906425140978,8%
5906425140985,8%
5906425140015,8%
5906425140022,8%
5906425140053,8%
5906425142767,8%
5906425142774,8%
5906425142781,8%
5906425142804,8%
5906425142811,8%
5906425142835,8%
5906425142842,8%
5906425140220,8%
5906425140480,8%
5906425142644,8%
5906425142514,8%
5906425141043,8%
5906425140251,8%
5906425140039,8%
5906425142743,8%
5906425141296,8%
5906425142477,8%
5906425140077,8%
5906425142187,8%
5906425170951,5%
5906425170494,5%
5906425170500,5%
5906425170234,5%
5906425170289,5%
5906425170296,5%
5906425170302,5%
5906425170333,5%
8411007600520,5%
5900928007523,5%
5900928004737,5%
#N/D,5%
8437001865314,5%
8410971035024,5%
8410971034997,5%
8410971035000,5%
8410971033839,5%
8410971034355,5%
8410971034294,5%
8410971034799,5%
8410971034805,5%
8410971034300,5%
8410971035192,5%
8410971035185,5%
8410971034447,5%
8410971034454,5%
8410971031217,5%
8410971031231,5%
8410971031057,5%
8410971031064,5%
8410971031170,5%
8410971034256,5%
5906425171248,5%
5906425171231,5%
5906425172313,5%
5900928007462,5%
5906425171200,5%
5906425171194,5%
5900928004751,5%
5900928008834,5%
5900928007783,5%
5900928008841,5%
8715035210707,8%
#N/D,8%
8715035131309,8%
8715035150102,8%
8715035520202,8%
8715035480209,8%
8715035110106,8%
8715035110205,8%
8715035130104,8%
8715035210301,8%
8715035110304,8%
8715035340800,8%
8715035350809,8%
8715035380806,8%
4901515349652,23%
8715035111202,8%
8715035110809,8%
8715035130807,8%
8715035121300,8%
8715035110106,8%
8715035360808,8%
8715035450806,8%
8715035161306,8%
8715035150805,8%
8715035520806,8%
4901515369575,8%
8715035320802,8%
8715035330801,8%
837736017558,5%
8411342000122,5%
8411342000160,5%
8005110200007,5%
80042532,5%
8005110010002,5%
8005110170423,5%
80042556,5%
8005110170461,5%
8005110550508,5%
8005110060007,5%
8005110060083,5%
8005110550614,5%
8005110060441,5%
8005110043109,5%
8005110553004,5%
8005110000287,5%
8005110550706,5%
8005110205668,5%
8005110070006,5%
8005110100000,5%
8005110517006,8%
8005110519000,8%
8005110516009,8%
8005110518003,8%
8005110000775,8%
80042563,5%
8005110191015,5%
8005110630408,5%
8005110860508,5%
8005110551215,8%
8005110172014,8%
8005110193200,5%
8005110554209,8%
8005110551208,8%
8005110551383,8%
8005110000201,8%
5906425171651,5%
5906425174157,5%
5906425172191,5%
5906425171705,5%
8051566470037,5%
8004350138804,5%
8004350130228,5%
8008343200134,5%
8008343200486,5%
8008343200660,5%
8008343200851,5%
8008343200882,5%
8008343200059,5%
8008343201070,5%
8008343700030,5%
8008343700481,5%
8008343700665,5%
8008343880039,5%
8008343880480,5%
8008343880510,5%
8008343201179,5%
011210000520,8%
011210009882,8%
011210009868,8%
011210009899,8%
011210000018,8%
011210009387,8%
011210000018,8%
011210000155,8%
011210000032,8%
011210009387,8%
011210006508,8%
011210607040,8%
011210697003,8%
011210008328,8%
11210617001,8%
011210007703,8%
9011900195544,8%
4041071000496,5%
5906425172450,5%
5906425172436,5%
4041071000519,5%
837293002080,5%
6597400001620,5%
6597400001798,5%
5997010304288,5%
5997010302017,8%
5997010302024,8%
5997010301010,5%
5997010301027,5%
8723400784999,23%
8723400778608,23%
8723400778585,23%
8723400783039,23%
8723400783022,23%
8723400783039,23%
8723400783022,23%
8723400785644,23%
8723400785866,23%
8723400786177,23%
8723400778929,23%
8723400778943,23%
8710800968067,23%
8710800968074,23%
8723400783824,23%
8723400785323,23%
8710800968067,23%
8710800968074,23%
8723400782346,23%
8723400782513,23%
8723400782360,23%
8723400773016,23%
73390007317,23%
8723400782780,23%
8723400782803,23%
8723400782698,23%
8723400784586,23%
8723400784579,23%
8723400773023,23%
5908227114065,23%
5908227114089,23%
5908227114072,23%
8723400773016,23%
8723400770220,23%
8723400770206,23%
8723400780281,23%
8723400786528,23%
8723400781714,23%
8723400773023,23%
8723400756538,23%
8723400756408,23%
8723400781844,23%
8723400774969,23%
8723400778769,23%
8723400779803,23%
8723400779667,23%
8710800956019,23%
8710800956026,23%
8710800956002,23%
8710800955852,23%
8723400759423,23%
8723400759430,23%
8723400766193,23%
8723400756491,23%
8723400756514,23%
8723400775140,23%
8723400785057,23%
8410031913712,23%
8410031922622,23%
8410031912340,23%
8410031920437,23%
8410031930337,23%
8410031938791,23%
8410031917734,23%
8410031998306,23%
8410031944365,23%
4601798121081,23%
4601798121302,23%
8410031960280,23%
8410031961010,23%
8723400779094,8%
8723400779100,8%
8723400781707,8%
8723400781691,8%
6921211113317,23%
5908227125443,23%
5908227125467,23%
6921211113492,23%
6921211113515,23%
6921211113560,23%
6921211114291,23%
6921211114239,23%
6921211114277,23%
8410031934922,23%
6921211115441,23%
6921211115953,23%
8723400778424,8%
8723400778486,8%
5908227122619,23%
8003440933473,8%
8003440933497,8%
5908227116144,23%
8713600896783,23%
8713600896769,23%
8410031918700,23%
5908227122121,23%
5908227122800,23%
8410031934977,23%
8410031934915,23%
5908227122848,8%
5908227123036,8%
5908227123043,8%
5908227123050,8%
5908227123067,8%
5908227123142,23%
5908227121988,23%
8713600891016,23%
5908227124033,23%
5908227124040,23%
5908227124323,23%
5908227124347,23%
5908227124422,23%
8410031913712,23%
5908227121988,23%
5908227123906,23%
5908227124637,23%
5908227124644,23%
5908227124910,23%
5908227124880,23%
5000357308045,23%
5000357203296,8%
5000357805902,8%
5908227125184,23%
5908227125207,23%
5908227125214,23%
3173287204403,23%
5908227121988,23%
5413121380879,23%
5413121374335,23%
5413121381036,23%
5413121370030,23%
5413121379927,23%
5413121374342,23%
5413121370016,23%
5413121380091,23%
5413121380084,23%
5413121375080,23%
5413121375103,23%
5413121380626,23%
5413121380619,23%
5413121380107,23%
5413121379293,23%
5413121379316,23%
5908227125351,23%
5908227126068,8%
5908227126334,8%
5908227126341,23%
5908227121988,23%
5908227126761,23%
5908227126648,23%
5908227126662,23%
5908227126785,23%
5908227126846,8%
5908227126853,8%
5908227126860,8%
5908227127010,23%
5908227127249,23%
7610700003893,8%
7610700008089,8%
7610700008119,8%
7610700003947,8%
7610700009000,8%
8410031966268,23%
5908227127409,23%
5908227127430,23%
8713600920709,23%
5908227127553,23%
5908227121285,23%
5908227123821,23%
5908227123920,23%
5908227123937,23%
5908227123944,23%
5908227123968,23%
5908227124026,23%
5908227124156,23%
5908227124163,23%
5908227124187,8%
5908227124194,23%
5908227124279,23%
5908227124446,23%
5908227124460,23%
5908227124477,23%
5908227124484,23%
5908227124491,23%
5908227124507,23%
5908227124613,23%
5908227124699,23%
5908227124705,23%
5908227124729,23%
5908227124651,23%
5908227124675,23%
5908227124781,23%
5908227124811,23%
5908227124774,23%
5908227125054,23%
5908227125122,23%
5908227121988,23%
#N/D,23%
5908227125153,23%
#N/D,23%
5908227125245,23%
5908227125252,23%
5908227125276,23%
5908227125283,23%
5908227123982,23%
5908227124958,23%
5908227125290,23%
5908227125306,23%
5908227125337,23%
#N/D,23%
5908227125368,23%
5908227125320,23%
5908227125375,8%
5908227125382,23%
5908227125399,23%
5908227125405,23%
5908227125474,23%
5908227125528,23%
5908227125481,23%
5908227125498,23%
5908227125504,23%
5908227125511,23%
5908227125337,23%
5908227125559,23%
5908227125573,23%
5908227125580,23%
5908227125597,23%
5908227125375,8%
5908227125627,23%
5908227125542,23%
5908227125641,23%
5908227125658,23%
5000357303415,23%
5000357201599,8%
5000357460163,8%
5000357801683,8%
5000357250108,8%
5908227125634,23%
5908227125535,23%
5908227127607,23%
5908227127614,23%
#N/D,23%
5908227125726,23%
5413216991195,23%
5413216991881,23%
5413216991171,23%
5908227125740,23%
5908227125757,23%
5908227125733,23%
5908227125771,23%
8723400778929,23%
8723400778943,23%
5908227125788,23%
5908227125801,23%
5908227125818,23%
5908227125832,23%
5908227125849,23%
5908227125863,23%
5908227125870,23%
5908227125894,23%
5908227125900,8%
5908227125917,23%
5908227125924,23%
5908227125993,23%
5908227126037,23%
8713600881925,23%
5908227126082,23%
#N/D,23%
5908227126150,23%
5908227126174,23%
5908227126181,23%
5908227126198,23%
5908227126211,23%
5908227126228,23%
5908227126235,23%
5908227125320,23%
5908227126259,23%
5908227126266,23%
5908227126273,8%
5908227126280,23%
5908227126297,23%
5908227126303,23%
5908227126327,23%
5908227126358,23%
5908227126365,8%
5908227126372,23%
5908227126389,8%
5908227126396,8%
#N/D,23%
5908227126419,23%
5908227126433,23%
5908227126440,23%
5908227126457,23%
5908227126464,23%
5908227126471,23%
5908227126488,23%
5908227126495,23%
5908227126518,8%
5908227126525,23%
5908227126532,23%
5908227126556,23%
5908227126563,23%
5413121379163,23%
5413121379323,23%
8713600284177,23%
5908227126587,23%
5908227126594,23%
5908227126600,23%
8713600884186,23%
8713600923557,23%
5908227126624,23%
5908227126693,23%
5908227126709,23%
5908227126716,23%
5908227126723,23%
5908227126730,23%
5908227126747,23%
5908227126792,23%
5908227126808,23%
5908227126815,23%
5908227126822,23%
5908227126839,23%
5908227126891,23%
5908227126907,23%
5908227126921,23%
5908227126938,8%
8710800968067,23%
8710800968074,23%
8723400783824,23%
8410031966787,23%
8410031949544,8%
8003440987988,23%
8003440987964,23%
8723400781691,8%
8723400781707,8%
8713600923557,23%
5908227126945,8%
5908227126952,23%
5908227126969,23%
5413121363780,23%
5908227126976,23%
5908227126914,23%
5908227126983,23%
5908227126990,23%
5908227127027,23%
5908227127034,23%
5908227127041,23%
5413121383214,23%
8410031962765,23%
5908227127096,23%
5908227127102,23%
5908227127119,23%
5908227127133,8%
5908227127140,8%
5908227127157,23%
5413121381999,23%
5908227127164,23%
5908227127171,23%
5908227127188,23%
5908227127201,23%
4601798121081,23%
8410031916256,23%
8410031917734,23%
5908227127218,23%
5908227127225,23%
5908227127232,23%
5908227127171,23%
5908227127256,8%
5908227127263,8%
5908227127270,23%
5908227127287,23%
5908227127294,23%
5908227127300,8%
5908227127317,23%
5908227127324,23%
5908227127331,23%
5908227127348,23%
5908227127355,23%
5908227127362,23%
5908227127386,23%
5908227127393,23%
5908227127416,23%
5908227127423,23%
5908227127447,23%
5908227127454,23%
5908227127461,23%
5908227127478,23%
5908227127515,23%
5908227127522,23%
5908227127539,23%
5908227127560,8%
5908227127577,23%
5908227127584,23%
5413121370030,23%
5413121379293,23%
5413121387090,23%
5908227127591,23%
5908227127621,8%
5908227127638,23%
5908227127645,23%
5908227127652,23%
5908227127447,23%
5908227127683,23%
5908227127690,23%
5908227127706,23%
7610700008218,8%
7610700003251,8%
8003440971253,8%
8003440975602,23%
8003440975619,23%
8003440992005,23%
8003440915448,23%
8003440915417,23%
8003440990858,23%
8003440915431,23%
8003440915516,23%
8003440991176,8%
8003440986738,8%
8003440988183,8%
8003440991152,8%
8003440986714,8%
8003440986691,8%
8003440991114,8%
8003440988206,8%
8003440988220,8%
8003440991091,8%
8003440933497,8%
8003440933473,8%
8003440988459,8%
8003440990001,8%
8003440990995,23%
8003440991015,23%
8003440992548,23%
8003440992760,23%
8003440992548,23%
8003440994177,8%
8003440994191,8%
8003440994214,8%
8410031959987,23%
8410031960006,23%
8003440984710,23%
8003440978887,23%
8003440978900,23%
8003440978924,23%
8003440978948,23%
8003440978962,23%
8003440978986,23%
8003440993231,23%
8003440992906,23%
8003440987964,23%
8003440987988,23%
8003440984338,23%
8003440984352,23%
8003440990506,23%
8003440990483,23%
8410031934922,23%
4602606010672,23%
#N/D,23%
#N/D,23%
4602606011945,23%
4602606012454,23%
4602606014342,23%
4602606014496,23%
4602606014373,23%
8410031949544,8%
8410031960150,23%
8410031958751,23%
8410031962765,23%
4601798121302,23%
8410031963526,23%
8410031998702,23%
8410031963939,23%
8410031998306,23%
8410031916256,23%
8410031961010,23%
8410031965865,23%
8410031966268,23%
8410031966787,23%
8410031965377,23%
8410031967890,23%
8410031968293,23%
8410031968132,23%
8410031916256,23%
8410031967173,23%
8410031967753,23%
8410031967401,23%
8410031930337,23%
8410031968286,23%
8410031967753,23%
5900353646328,5%
5900353616796,5%
5900353861035,5%
5900353860687,5%
5900353860694,5%
5900353860953,5%
5901135011358,5%
5901135030120,5%
5901135011075,5%
5901135011082,5%
5901135011044,5%
5901135011051,5%
5901135015110,5%
5901135011013,5%
5901135011020,5%
5901135013130,5%
5901135013611,8%
5901135034388,8%
5901135000741,8%
5901135000949,8%
5901135000468,8%
5901135000017,8%
5901135015615,8%
5901135015622,8%
5901135015646,8%
5901135032094,8%
5901135028240,8%
5901135017657,8%
5901135017671,8%
5901135018937,8%
5901135016018,5%
5901135015721,5%
5901135015707,5%
5901135035149,5%
5901135015660,5%
5901135015745,5%
5901135039055,5%
5901135015769,5%
5901135035187,8%
5901135000451,8%
5901135000178,8%
5901135032285,8%
5901135035200,8%
5901135041423,5%
5901135000635,8%
5901135032117,8%
5901135000529,5%
5901135000185,8%
5901135000659,8%
5901135031899,8%
5901135000512,8%
5901135000765,8%
5901135032001,8%
5901135013475,8%
5901135012508,8%
5901135013512,8%
5901135000475,8%
5901135000437,8%
5901135031912,8%
5901135038829,8%
5901135000505,8%
5901135019965,8%
5901135017350,8%
5901135000376,8%
5901135000291,8%
5901135025867,8%
5901135011723,8%
5901135032025,8%
5901135013390,8%
5901135032940,8%
5901135000420,8%
5901135013437,8%
5901135000604,5%
5901135000499,5%
5901135028462,5%
5901135000277,5%
5901135024716,8%
5901135012133,5%
5901135000406,5%
5901135000482,8%
5901135012157,5%
5901135000543,5%
5901135000390,5%
5901135041157,5%
5901135000130,8%
5901135026727,5%
5901135033312,8%
5901135000352,8%
5901135000239,8%
5901135035026,8%
5901135041119,8%
5901135000734,8%
5901135014823,8%
5901135014847,8%
5901135014946,8%
5901135034265,8%
5901135000383,8%
5901135013260,8%
5901135013246,8%
5901135032056,8%
5901135032070,8%
5901135038218,8%
5901135032889,8%
5901135038195,8%
5901135000611,8%
5901135000246,8%
5901135027304,8%
5901135000260,8%
5901135015158,8%
5901135000079,8%
5901135025362,8%
5901135000086,8%
5901135012485,8%
5901135000062,8%
5901135041294,8%
5901135024242,8%
5901135040785,8%
5901135034074,8%
5901135000321,8%
5901135031608,8%
5901135015134,8%
5901135024228,8%
5901135015141,8%
5901135000055,8%
5901135030670,8%
5901135030656,8%
5901135000307,8%
5901135026376,8%
5901135041669,8%
5901135000666,8%
5901135032766,8%
5901135000338,8%
5901135000253,8%
5901135015172,8%
5901135027328,8%
5901135010085,8%
5901135015165,8%
5901135034050,8%
5901135041478,8%
5901135012522,8%
5901135032742,8%
5901135010177,8%
5901135038843,8%
5901135038881,8%
5901135038867,8%
5901135030717,8%
5901135030731,8%
5901135041171,23%
5901135015219,8%
5901135011624,8%
5901135040518,8%
5901135000703,8%
5901135015233,8%
5901135038232,8%
5901135021814,8%
5901135041195,23%
5901135015196,8%
5901135030601,8%
5901135031134,8%
5901135023788,8%
5901135023818,8%
5901135034227,8%
5901135038591,5%
5901135033725,8%
5901135023795,23%
5901135034241,8%
5901135023801,8%
5901135038713,23%
5901135034913,5%
5901135034999,8%
5901135034852,8%
5901135041096,5%
5901135034814,5%
5901135034937,5%
5901135034951,5%
5901135034791,8%
5901135034876,8%
5901135034777,8%
5901135040846,8%
5901135034838,8%
5901135035385,5%
5901135035392,5%
5901135035408,5%
5901135029377,8%
5901135029384,8%
5901135029414,8%
5901135029407,8%
5901135029391,8%
5901135029421,8%
5901135025751,8%
5901135032698,8%
5901135042307,8%
5901135025812,8%
5901135042260,8%
5901135027854,8%
5901135025775,8%
5901135032674,8%
5901135042284,8%
5901135025799,8%
5901135025737,8%
5901135027878,8%
5901135030328,8%
5901135030304,8%
5901135024747,8%
5901135024761,8%
5901135024754,8%
5901135016353,8%
5901135016377,8%
5901135010153,5%
5901135010139,5%
5901135000314,8%
5901135012171,23%
5901135011471,8%
5901135030021,23%
5901135030007,23%
5901135038096,23%
5901135038119,23%
5901135025348,8%
5901135027243,8%
5901135017039,8%
5901135017046,8%
5901135017060,8%
5901135041393,8%
5901135022767,8%
5901135017053,8%
5901135041379,8%
5901135017558,23%
5901135017510,23%
5901135028660,8%
5901135000444,5%
5901135029438,5%
5901135021883,5%
5901871000241,5%
5901871007745,5%
5901871000494,5%
5901871004782,5%
5901871000371,5%
5901871001491,5%
5901871000999,5%
5901871000685,8%
5901871008889,5%
5901871002733,5%
5901871002726,5%
5901871003716,5%
5901871002719,5%
5901871004225,5%
5901871004423,5%
5901871004232,5%
5901871004188,5%
5901871005185,5%
5901871004201,5%
5901871001651,5%
5901871002863,5%
5901871000227,5%
5901871004546,5%
5901871004553,5%
5901871008551,5%
5901871008537,5%
5901871008544,5%
5901871000623,5%
5901871000616,5%
5901871000128,5%
5901871000654,5%
5901871008346,5%
5901135040563,5%
5901871007868,5%
5901871004577,5%
5901871007851,5%
5901871004584,5%
5901871004140,5%
5901871005239,5%
5901871002337,5%
5901871004829,5%
5901871005161,5%
5901871003938,5%
5901871008483,5%
5901135035552,5%
5901135035590,8%
5901135035569,8%
5901135035576,5%
5901135035583,5%
5901135035606,8%
5901135035613,5%
5901135035620,5%
5901135041041,8%
5901135036221,8%
5901135035637,5%
5901135035644,5%
5901135035651,8%
5901135035668,8%
5901135035675,8%
5901135035682,8%
5901135035699,8%
5901135035705,8%
5901135035781,8%
5901135035774,8%
5901135035712,8%
5901135036061,8%
5901135035729,8%
5901135035736,8%
5901135035743,8%
5901135035750,8%
5901135036054,8%
5901135035767,8%
5901135000017,8%
5901135015615,8%
5901135014670,8%
5901135030113,8%
5901135041447,8%
5901135039888,8%
5901135039864,8%
5901135039871,8%
5901135032414,8%
5901135039994,5%
5901135039987,5%
5901135015455,5%
5901135020442,5%
5901135040006,5%
5901135019675,8%
5901135018074,8%
5901135018050,8%
5901135019699,8%
5901135017862,5%
5901135017886,5%
5901135024983,5%
5901135017909,5%
5901135038379,5%
5901135022378,5%
5901135035187,8%
5901135016698,5%
5901135029766,5%
5901135018807,5%
5901135018821,5%
5901135034012,8%
5901135038133,8%
5901135030359,8%
5901135032285,8%
5901135042550,8%
5901135041744,8%
5901135029889,8%
5901135021869,5%
5901135016599,5%
5901135035279,8%
5901135001175,5%
5901135016711,5%
5901135017626,5%
5901135030373,5%
5901135019156,5%
5901135032117,8%
5901135036108,8%
5901135032377,5%
5901135024341,8%
5901135027786,8%
5901135032391,8%
5901135027434,8%
5901135036122,8%
5901135038393,8%
5901135010788,8%
5901135038416,5%
5901135001250,5%
5901135041720,8%
5901135032353,8%
5901135036146,5%
5901135016735,5%
5901135001168,5%
5901135032155,5%
5901135031936,5%
5901135016759,5%
5901135036160,5%
5901135032261,5%
5901135020312,5%
5901135024389,8%
5901135016797,8%
5901135001137,8%
5901135016810,8%
5901135001120,8%
5901135017602,8%
5901135030496,8%
5901135026574,8%
5901135040464,8%
5901135038430,8%
5901135038515,8%
5901135033299,8%
5901135016834,8%
5901135001106,8%
5901135038157,8%
5901135016858,8%
5901135001113,8%
5901135033992,8%
5901135022828,8%
5901135022262,8%
5901135032421,8%
5901135001342,8%
5901135038454,5%
5901135030021,23%
5901135030007,23%
5901135022927,23%
5901135038096,23%
5901135038119,23%
5901135016469,23%
5901135022989,8%
5901135039086,23%
5901135032940,8%
5901135038478,5%
5901135036184,8%
5901135032957,8%
5901135016872,8%
5901135001144,8%
5901135040761,8%
5 901 135 038 652
,8%
5 901 135 038 676
,8%
5901135016674,8%
5901135032889,8%
5901135042062,8%
5901135042086,8%
5901135039109,8%
5901135042437,8%
5901135017466,8%
5901135042536,8%
5901135001359,8%
5901135010801,8%
5901135026888,8%
5901135010825,8%
5901135023405,8%
5901135017138,8%
5901135001205,8%
5901135018845,8%
5901135016308,8%
5901135001199,8%
5901135016285,8%
5901135001182,8%
5901135016896,8%
5901135017633,8%
5901135025195,8%
5901135031356,8%
5901135011273,8%
5901135010863,8%
5901135001281,8%
5901135016575,8%
5901135001298,8%
5901135016919,8%
5901135016933,8%
5901135017572,8%
5901135014977,8%
5901135016247,8%
5901135042451,8%
5901135023443,8%
5901135038492,8%
5901135000918,8%
5901135025881,8%
5901135016971,8%
5901135016971,8%
5901135033756,8%
5901135011259,8%
5901135016414,5%
5901135000901,5%
5901135033954,5%
5901135035163,5%
5901135034333,5%
5901135015257,23%
5901135011136,8%
5901135034210,8%
5901135026833,8%
5901871004768,8%
5901135026123,8%
5901135039185,8%
5901135039161,8%
5901135039147,8%
5901135039123,8%
5901135039260,8%
5901135039208,8%
5901135039246,8%
5901135039222,8%
5901135029278,5%
5901135033381,5%
5901135029292,5%
5901135029254,5%
5901135029339,5%
5901135029339,5%
5901135029315,5%
5901135029216,5%
5901135041331,5%
#N/D,5%
5901135031394,8%
5901135031431,8%
5901135031479,8%
5901135031455,8%
5901135031493,8%
5901135031370,23%
5901135038584,5%
5901871004454,5%
5901871001859,5%
5901871008681,5%
5901871008056,8%
5901871008063,8%
5901871007844,8%
5901871008735,8%
5901871004539,5%
5901871004119,5%
5901871000227,5%
5901871005000,5%
5901871002702,5%
5901871000623,5%
5901871003181,5%
5901871000616,5%
5901871008001,5%
5901871008643,5%
5901871000654,5%
5901871008223,5%
5901871003778,5%
5901871004744,5%
5901871008568,5%
5901871004515,5%
5901871004317,5%
5901871004249,5%
5901871002733,5%
5901871005161,5%
5901871004737,5%
5901871004645,5%
5901871004492,5%
5901871008353,5%
5901871008360,5%
5901871004577,5%
5901871004584,5%
5901871004751,5%
5901871004607,5%
5901871003938,5%
5901135030625,5%
5901135030632,5%
5901135030649,5%
5901135010917,8%
5901135038331
,5%
5901135038270
,5%
5901135038256
,8%
5901135038317
,8%
5901135038294
,8%
5901414203467,5%
5901414203474,5%
5901414203481,5%
5901414203498,5%
5901414203535,5%
5901414204228,5%
5901414204846,5%
5901414203504,5%
5901414200039,5%
5901414202415,5%
5901414200015,5%
5901414204457,5%
5901414204471,5%
5901414204488,5%
5901414204464,5%
5901414204495,5%
5901414204525,5%
5901414204518,5%
5901414204501,5%
5901414204532,5%
5901414203139,5%
5901414203122,5%
5901414203146,5%
5901414204693,5%
5901414204709,5%
5901414204747,5%
5901414204754,5%
5901414204877,5%
5901414204679,5%
4017100107818,5%
5900056004074,5%
5900056008195,5%
5900056008232,5%
5900056008300,5%
5900056008300,5%
5900056008263,5%
5900056012192,5%
5900056008324,5%
5900056008348,5%
5900056008430,5%
5900056008447,5%
5900056008409,5%
5900056008423,5%
5900056009338,5%
5900056011966,5%
5900056008287,5%
5900056007136,5%
5900056007709,5%
5900056007655,5%
5900056007884,5%
5900056007921,5%
5900056009314,5%
5900056010815,5%
5900056010822,5%
5900056011201,5%
5900056011225,5%
5900056011249,5%
5900056011775,5%
5900056000175,5%
5900056000175,5%
5900056008454,5%
5900056010600,5%
5900056007181,5%
5900056007389,5%
5900056007228,5%
5900056007815,5%
5900056010266,5%
5900056009857,5%
5900056008362,5%
5900056011867,5%
5900056011881,5%
5900056010464,5%
5900056006368,5%
5900056006351,5%
5900056010495,5%
5900056011164,5%
5900056011188,5%
5900056000403,23%
40144382,5%
40144405,5%
40144450,5%
4014400929058,5%
40144474,5%
40144467,5%
4014400929386,5%
4014400929362,5%
5900189009687,23%
5900189009670,23%
5900352013305,23%
5900352004891,23%
5900189010249,23%
5900189010232,23%
5900394008550,5%
5900394009144,5%
5900394009175,5%
5900352002361,5%
5900352004044,5%
5900352004457,5%
5900352006468,5%
5900352008509,5%
5900352011356,5%
5900352011349,5%
5900352007151,5%
5900352010076,5%
5900352007816,23%
5900352007809,23%
5900352007786,23%
5900352007779,23%
5900352007823,23%
-,23%
5900352001814,23%
5900352000770,23%
5900352002576,23%
5900352001821,23%
5900189004835,23%
5900189004491,23%
5900189010195,23%
5900189010201,23%
5900189003852,23%
-,23%
-,23%
-,23%
-,23%
-,23%
5900189008673,23%
5900189008406,23%
5900189003661,23%
5900189003920,23%
5900189000219,23%
5900189003623,23%
5900189009274,23%
5900189009267,23%
5900189006402,23%
5900189009205,23%
5900189006150,23%
5900189501228,23%
5900189007836,23%
59002703 kod czekoladki,23%
59002406 kod czekoladki,23%
5900189002466,23%
5900189003609,23%
5900189009342,23%
5900189006112,23%
5900189009229,23%
5900189005672,23%
5900189004873,23%
5900189004811,23%
5900189008178,23%
5900189000516,23%
5900189008161,23%
5900189007584,23%
5900189003159,23%
5900189008154,23%
5900189003357,23%
59004233,23%
-,23%
-,23%
-,23%
-,23%
-,23%
-,23%
-,23%
-,23%
-,23%
-,23%
-,23%
-,23%
-,23%
-,23%
5900189009977,23%
5900189009984,23%
-,23%
-,5%
-,5%
-,5%
-,5%
5900352007922,23%
5900352014418,23%
5900352014425,23%
5900352014012,23%
5900352014401,23%
5900352008028,23%
5900352008035,23%
5900352015057,23%
5900352015033,23%
5900352015040,23%
5900352004198,23%
5900352002927,23%
5900352002934,23%
5900352002903,23%
5900352002910,23%
5900352006987,23%
5900352004181,23%
5900352004174,23%
5900352000909,23%
5900352000206,23%
5900352002668,5%
5900352000602,5%
5900352000268,5%
5900352000268,5%
5900352002897,5%
5900352009971,5%
-,5%
5900352013015,5%
5900352013022,5%
5900394006167,5%
5900394006235,5%
5900394006556,5%
5900394006204,5%
5900394006181,5%
5900394006495,5%
5900394006518,5%
5900394007553,5%
5900394007577,5%
5900394006570,5%
5900394008680,5%
5900352014470,5%
5900352014456,5%
5900352014449,5%
5900352000480,5%
5900352001883,5%
5900352001555,5%
5900352004266,5%
5900352002514,5%
5900352000688,5%
5900352004518,5%
5900352006284,5%
5900394005443,5%
5900394005429,5%
5900394005467,5%
5900189003524,5%
5900189002886,5%
5900189002862,5%
5900189002893,5%
5900352014432,5%
5900189003814,5%
5900352014791,23%
5900352014777,5%
5900352014814,5%
5900352014821,5%
5900352014807,23%
5900352000480,5%
5900352001883,5%
5900352001555,5%
5900352004266,5%
5900352000688,5%
5900352006284,5%
5900352000268,5%
5900352009971,5%
5900352002361,5%
5900352004044,5%
5900352004457,5%
5900352006468,5%
5900352011356,5%
5900352011349,5%
5900352007922,23%
5900352007816,23%
5900352007786,23%
5900352007823,23%
5900352000206,23%
5907471441927,5%
5907471411302,5%
5907471430624,5%
5907471441330,5%
5906372278441,5%
5907471440500,5%
5907471430686,5%
5907471433007,5%
5907471443402,5%
5907471430822,5%
5907471414907,5%
5907471442597,5%
5907471443785,5%
5906372277499,5%
5907471411173,5%
5907471440456,5%
5907471430846,5%
5907471414532,5%
5907471414549,5%
5906372279028,5%
5907471408630,5%
5907471408685,5%
5907471430785,5%
5907471404557,5%
5907471404540,5%
5907471414716,5%
5907471431225,5%
5907471414921,5%
5907471407565,5%
5907471408470,5%
5907471440210,5%
5907471443501,5%
5907471443723,5%
5907471430617,5%
5907471404304,5%
5907471443389,5%
5907471413320,5%
5907471414655,5%
5907471443440,5%
5907471408999,5%
5907418965882,5%
5907418964670,5%
5907471407923,5%
5907471408807,5%
5907471441804,5%
5907471441026,5%
5907471407930,5%
5907471430341,5%
5907471430365,5%
5907471401037,5%
5906372277734,5%
5906372277512,5%
5907471441118,5%
5907471440364,5%
5907471443662,5%
5907471430754,5%
59054771,5%
5906372277901,5%
5907471431201,5%
5907471431140,5%
5907471414563,5%
5907471441934,5%
5907471442306,5%
5906372278564,5%
5907471413313,5%
5907471414747,5%
5907471412033,5%
5907471414709,5%
5906372279035,5%
5907471412736,5%
5906372278205,5%
5906372270292,5%
5906372275419,5%
5906372278076,5%
5907471409040,5%
5907471443075,5%
5907471441903,5%
5907471409057,5%
5907471430525,5%
5907471430280,5%
5906372277024,5%
5907471431119,5%
5907471414525,5%
5907471414808,5%
5907471408692,5%
5907471414792,5%
5907471413337,5%
5907471414723,5%
5907471414891,5%
5907471414839,5%
5906372270629,5%
5907471408708,5%
5906372277208,5%
5907471431362,5%
5907471411999,5%
5906372276959,5%
5907471441354,5%
5907471430938,5%
5906372277161,5%
5907471430570,5%
5906372277000,5%
5907471430495,5%
5906372277017,5%
5907471400115,5%
590720 03,5%
5907471403727,5%
5907471431041,5%
5906372275693,5%
5907471407718,5%
5906372275686,5%
5907471404175,5%
5907471404182,5%
5906372277093,5%
5907471411258,5%
5907471411296,5%
5906372275457,5%
5906372270698,5%
5907471414624,5%
5907471404502,5%
5907471404533,5%
5907471414600,5%
5907471414594,5%
5907471414846,5%
5906372277307,5%
5907471400290,5%
5907471413757,5%
5907471414815,5%
5907471413955,5%
5907471443327,5%
5907471408524,5%
5907471408517,5%
5907471408517,5%
5906372270384,5%
5906372270100,5%
5907471400382,5%
5906372274030,5%
5906372277352,5%
5906372277420,5%
5907471407664,5%
5907471407657,5%
5906372277628,5%
5907471442504,5%
5907471442061,5%
5907471410428,5%
5907471410411,5%
5907471442726,5%
5907471442498,5%
5907471408340,5%
5907471411944,5%
5900749020084,5%
5900749021081,5%
5900749022088,5%
5900749020299,5%
5900749022293,5%
5900749020077,5%
5900749022071,5%
5900749024075,5%
5900749020657,5%
5900749022651,5%
5900749021654,5%
5900749020213,5%
5900749022217,5%
5900749023214,5%
5900749020244,5%
5900749021241,5%
5900749007795,5%
5900749021135,5%
5900749021166,5%
5900749023160,5%
5900749020619,5%
5900749100304,5%
5900749102308,5%
5900749022019,5%
5900749023016,5%
5900749024013,5%
5900749020022,5%
5900749023023,5%
5900749024020,5%
5900749000970,5%
5900749020091,5%
5900749023092,5%
5900749024099,5%
5900749000703,5%
5900749020312,5%
5900749024310,5%
5900749022392,5%
5900749020237,5%
5900749023238,5%
5900749024235,5%
5900749000963,5%
5900749022040,5%
5900749024044,5%
5900749021173,5%
5900749010320,5%
5900749010337,5%
5900749010344,5%
5900749021104,5%
5900749022101,5%
5900749020756,5%
5900749020756,5%
5900749000918,5%
5900749020039,5%
5900749022033,5%
5900749021036,5%
5900749020060,5%
5900749022064,5%
5900749023061,5%
5900749020220,5%
5900749021227,5%
5900749020497,5%
5900749020183,5%
5900749022187,5%
5900749023184,5%
5900749024051,5%
5900749020602,5%
5900749020121,5%
5900749115049,5%
5900749115056,5%
5900749115032,5%
5900749021111,5%
5900749025188,5%
5900749025188,5%
5900749340182,23%
5900749340199,5%
5900749180078,5%
5900749180085,5%
5900749024730,5%
5900749180092,5%
5900749340113,5%
5900749340120,5%
5900749340144,5%
5900749340151,5%
5900749340175,5%
5900749340090,23%
5900749340106,23%
5900749203661,5%
5900749340083,23%
5900749001267,5%
5900749000574,5%
5900749360531,5%
5900749360487,5%
5900749020862,5%
5900749023207,5%
5900749360012,5%
5900749360135,5%
5900749480086,5%
5900749480659,5%
5900749480215,5%
5900749480093,5%
5900749480628,5%
5900749480789,5%
5900749480031,5%
5900749480062,5%
5900749610438,5%
5900749610445,5%
5900749610421,5%
5900983006486,5%
5900983006493,5%
5900749560016,5%
5900749570916,5%
5900749560030,5%
5900749565059,23%
5900749565073,23%
5900749565080,23%
5900749565110,23%
5900749624947,5%
5900749610933,5%
5900749610926,5%
5900749610919,5%
5900749624954,5%
5900749610988,5%
5900749610995,5%
5900749624848,5%
5900749624749,5%
5900749624640,5%
5900749619097,23%
5900749619035,23%
5900749619073,23%
5900749619059,23%
5900749619011,23%
5900749624978,5%
5900749625012,5%
5900749615938,5%
5900749681995,5%
5900749681971,5%
5900749681988,5%
5900749631990,23%
5900749631983,23%
5900749631976,23%
5900749631969,23%
5900749631914,23%
5900749631921,23%
5900749631907,23%
5900749631891,23%
5900749612371,5%
5900749613309,5%
5900749610315,5%
5900749610339,5%
5900749612388,5%
5900749610353,5%
5900749881135,5%
5900749881111,5%
5900749881159,5%
5900983003478,5%
5900983005502,5%
5900983022912,5%
5900983022929,5%
5900983005274,5%
5900983023650,5%
5900983023636,5%
5900983023643,5%
5900983005205,5%
5900983023117,5%
5900983023100,5%
5900983023216,5%
5900983005434,5%
5900983005267,5%
5900983005236,5%
5900983022288,5%
5900983022752,5%
5900983002907,5%
5900983002884,5%
5900983002891,5%
5900983002693,5%
5900983004895,8%
5900983004895,8%
5900983023506,8%
5900983005656,5%
5900983022486,5%
5900983022493,5%
5900983022509,5%
5900983005014,8%
5900983005007,8%
5900983023445,8%
5900983023452,8%
5900983023452,8%
5900983023421,8%
5900983023438,8%
5900983023438,8%
5900983023469,8%
5900983023414,8%
5900983005151,23%
5900983005168,23%
5900983005809,23%
5900983020307,23%
5900983004734,8%
5900983023391,8%
5900983023407,8%
5900983023407,8%
5900983023391,8%
59027072,23%
59027102,23%
59027065,23%
59027089,23%
59027096,23%
59027119,23%
59027058,23%
#N/D,23%
5900983003997,8%
5900983003706,8%
5900983022806,8%
5900983022813,8%
5900983022820,8%
5900983024107,23%
5900983024114,23%
5900983024121,23%
5900983006110,23%
5900983006103,23%
5900983006127,23%
5900983019806,23%
5900983019929,23%
5900983022936,23%
#N/D,23%
5900983023346,23%
5900983023322,23%
5900983023339,23%
5900983023315,23%
5900983002761,8%
5900983002761,8%
5900983002730,8%
5900983002778,8%
5900983002754,8%
5900983002709,8%
5900983002723,8%
5900983002785,8%
5900983002792,8%
5900983001931,8%
5900983001948,8%
5900983012760,8%
5900983012760,8%
5900983012739,8%
5900983012777,8%
5900983012753,8%
5900983012708,8%
5900983012722,8%
5900983012784,8%
5900983012791,8%
5900983001900,8%
5900983001917,8%
5900983001924,8%
5900983023230,8%
5900983004949,8%
5900983000194,5%
5900983000217,5%
5900983000200,5%
5900983000477,5%
5900983000668,5%
5900983000491,5%
5900983023124,5%
5900983023131,5%
5900983023148,5%
5900983000675,5%
5900983000699,5%
5900983000675,5%
5900983000682,5%
5900983000699,5%
5900983023261,5%
5900983023278,5%
5900983023285,5%
5900983023292,5%
5900983001184,8%
5900983001023,8%
5900983001009,8%
5900983001030,8%
5900983001016,8%
5900983000996,8%
5900983000811,8%
5900983000873,8%
5900983000897,8%
5900983000866,8%
5900983000880,8%
5900983001740,8%
5900983001733,8%
5900983001764,8%
5900983001771,8%
5900983001788,8%
5900983001832,8%
5900983001849,8%
5900983001856,8%
5900983023186,8%
5900983023193,8%
5900983023209,8%
5900983023483,5%
5900983023490,5%
5900983023476,5%
5900983009845,5%
5900983014177,8%
5900983014344,8%
5900983014320,8%
5900983014245,8%
5900983014221,8%
5900983014139,8%
5900983014016,8%
5900983014382,8%
5900983014405,8%
5900983014399,8%
5900983013033,8%
5900983020192,8%
5900983019950,8%
5900983019882,23%
5900983020031,23%
5900983020482,8%
5900983019899,23%
5900983019974,23%
5900983019943,23%
5900983019981,23%
5900749730228,5%
5900749730099,5%
5900749710091,5%
5900749730310,5%
5900749730211,5%
5900749730020,5%
5900749730235,5%
5900749700238,5%
5900749730013,5%
5900749730068,5%
5900749710060,5%
5900749733083,5%
5900749730082,5%
5900749730037,5%
5900749710039,5%
5900749730075,5%
5900749710077,5%
5900749700108,5%
5900749710657,5%
5900749700658,5%
5900749731188,5%
5900749730020,5%
5900749730013,5%
5900749730068,5%
5900749710213,5%
5902180720110,5%
5908221106523,5%
5908221106561,5%
5908221106547,5%
5908221105144,5%
5908221104567,5%
5908221105120,5%
5908221101030,5%
5908221105236,5%
5908221100637,5%
5908221106585,5%
5908221102891,5%
5908221100811,5%
5908221100910,5%
5908221100835,5%
5908221104833,5%
5908221106875,5%
5908221106899,5%
5908221104659,5%
5908221100293,5%
5908221100309,5%
5908221100330,5%
5908221105618,5%
5908221106004,5%
5908221104673,5%
5908221103782,5%
5908221103829,5%
5908221104123,5%
5908221105595,5%
5908221106028,5%
5908221106349,5%
5908221106363,5%
5908221106134,5%
5908221106158,5%
5908221106202,5%
5908221106226,5%
5908221104611,5%
5908221104581,5%
5908221104604,5%
5908221106837,5%
5908221106813,5%
5908221105724,5%
5908221105700,5%
5908221105687,5%
5908221106912,5%
5901588016047,23%
5901588018270,23%
5901588058092,23%
59002031,23%
59002048,23%
5901588088488,23%
#N/D,23%
5901588016740,23%
5901588017785,23%
5901588017952,23%
5901588017822,23%
5901588018058,23%
5901588018065,23%
5901588018119,23%
5901588018126,23%
5901588018133,23%
5901588088006,23%
5901588016443,23%
5901588016436,23%
5901588016498,23%
5901588017457,23%
5901588017945,23%
5901588016368,23%
5901588016351,23%
5901588016320,23%
5901588016689,23%
5901588017839,23%
5901588018003,23%
5901588018072,23%
5901588018089,23%
5901588018225,23%
5901588018232,23%
5901588018287,23%
5901588018362,23%
5901588018379,23%
5901588018386,23%
5901588018393,23%
5901588018409,23%
5901588017778,23%
5901588017969,23%
5901588017990,23%
5901588017754,23%
5901588017938,23%
5901588016023,23%
5901588016030,23%
5901588018195,23%
5901588016016,23%
5901588017761,23%
5901588018416,23%
5901588018423,23%
5901588017617,23%
5901588017792,23%
5901588017594,23%
5901588017600,23%
5901588016993,23%
5901588017006,23%
5901588018034,23%
5901588017020,23%
5901588017877,23%
5901588017860,23%
5901588017853,23%
5901588018324,23%
5901588018454,23%
5901588018348,23%
#N/D,23%
#N/D,23%
#N/D,23%
#N/D,23%
#N/D,23%
#N/D,23%
#N/D,23%
#N/D,23%
#N/D,23%
#N/D,23%
5901588018492,23%
#N/D,23%
#N/D,23%
#N/D,23%
#N/D,23%
#N/D,23%
#N/D,23%
#N/D,23%
5901588017990,23%
5901588017761,23%
5901588018379,23%
5901588016498,23%
5901588018089,23%
#N/D,23%
#N/D,23%
#N/D,23%
#N/D,23%
#N/D,23%
5901588017839,23%
5901588018195,23%
59011194,23%
59025603,23%
59032328,23%
59038733,23%
59060956,23%
#N/D,23%
59000525,23%
59012504,23%
59012535,23%
59078203,23%
59000525,23%
5901588088204,23%
59042396,23%
59076803,23%
5901588026183,5%
5901588026190,5%
59019169,23%
5901588077314,23%
5901588056753,23%
5901588056302,23%
5901588057545,23%
5901588057552,23%
5901588057897,23%
5901588057903,23%
5901588057170,23%
5901588057538,23%
5901588057699,23%
5901588058078,23%
5901588058290,23%
5901588058344,23%
5901588058429,23%
5901588058436,23%
5901588088044,23%
5901588058214,23%
5901588057897,23%
5901588057170,23%
5901588058405,23%
5901588058511,23%
5901588088518,23%
5901588058214,23%
5901588058610,23%
5901588058511,23%
5901588057347,23%
#N/D,23%
5901588057347,23%
#N/D,23%
5901588057347,23%
59072898,23%
#N/D,23%
5901588057347,23%
5901588057460,23%
#N/D,23%
5901588058252,23%
5901588058481,23%
5901588058498,23%
5901588058504,23%
5901588057347,23%
5901588057835,23%
5901588058542,23%
5901588057408,23%
5901588057347,23%
5901588058597,23%
#N/D,23%
5901588057347,23%
#N/D,23%
5901588057347,23%
5901588058542,23%
#N/D,23%
#N/D,23%
#N/D,23%
#N/D,23%
5901588057347,23%
#N/D,23%
5901588057347,23%
#N/D,23%
5901588057347,23%
5901588057408,23%
#N/D,23%
#N/D,23%
5901588046396,23%
5901588046549,23%
5901588047836,23%
5901588047829,23%
5901588047843,23%
5901588046556,23%
5901588046563,23%
5901588047850,23%
5901588047867,23%
#N/D,23%
#N/D,23%
#N/D,23%
#N/D,23%
#N/D,23%
5901588046617,23%
5901588046624,23%
#N/D,23%
5901588088525,23%
5901588057651,23%
5901588057354,23%
5901588057583,23%
5901588057835,23%
59072904,23%
#N/D,23%
#N/D,23%
5901588057743,23%
5901588058351,23%
5901588057347,23%
5901588057408,23%
5901588057330,23%
5901588057415,23%
5901588057323,23%
5901588057835,23%
5901588057583,23%
5901588066103,5%
5901588066103,5%
5901588066103,5%
5901588066103,5%
5901588066349,5%
5901588066103,5%
5901588066103,5%
5901588066325,5%
5901588068107,5%
5901588068114,5%
5901588068138,5%
5901588068305,5%
5901588068244,5%
5901588068282,5%
5901588047218,23%
#N/D,23%
5901588047133,23%
5901588047157,23%
5901588047126,23%
5901588047140,23%
5901588047164,23%
5901588078175,23%
#N/D,23%
#N/D,23%
#N/D,23%
#N/D,23%
#N/D,23%
#N/D,23%
#N/D,23%
5901588078168,23%
5901588078502,23%
5901588078496,23%
#N/D,23%
#N/D,23%
5901588278957,23%
#N/D,23%
#N/D,23%
#N/D,23%
5901588047249,23%
5901588066998,23%
5901588067025,23%
5901588067032,23%
5901588067049,23%
5901588067056,23%
5901588067117,23%
5901588067070,23%
5901588067087,23%
5901588026374,23%
5901588026381,23%
5901588026398,23%
5901588058245,23%
5901588058375,23%
5901588088198,23%
#N/D,23%
5901588058603,23%
#N/D,#N/D
#N/D,#N/D
#N/D,23%
#N/D,#N/D
#N/D,#N/D
#N/D,#N/D
#N/D,#N/D
#N/D,23%
#N/D,23%
#N/D,#N/D
#N/D,#N/D
#N/D,#N/D
#N/D,#N/D
#N/D,23%
#N/D,#N/D
#N/D,#N/D
#N/D,#N/D
#N/D,23%
#N/D,#N/D
#N/D,#N/D
#N/D,#N/D
#N/D,23%
#N/D,#N/D
#N/D,#N/D
5900397742314,5%
5900587040596,5%
5900587041906,5%
5900587040602,5%
5900587040626,5%
5900587040589,5%
5900749570190,5%
5900749573078,5%
5907799961084,5%
5907799960339,5%
5907799962227,5%
5900864727813,5%
5900864860923,5%
5900864860930,5%
5900864721743,5%
5901713014047,5%
5901713014009,5%
5901713014023,5%
5901363001756,5%
5901363002081,5%
5901363002067,5%
5901363002074,5%
5901141000391,5%
5901363002128,5%
5905784918136,5%
5905784918150,5%
5907418964908,5%
5907418965073,5%
5907471403482,5%
5906685123155,8%
5906685123162,8%
5902267004751,5%
5902267004737,5%
5902267006403,5%
5902267004744,5%
5907696472058,8%
5902267004553,5%
5902267004881,5%
5902267005802,5%
5902267005840,5%
5907696472065,8%
5902267004669,5%
5907771442907,5%
5907771442921,5%
5908258302394,5%
5908252400263,5%
5908258303636,5%
5908258304978,5%
5908258308334,5%
5908258308310,5%
5902166727027,5%
5905617004807,5%
5905617004821,5%
5905617004838,5%
5905617004883,5%
5905617009192,5%
5905617004791,5%
5905617004869,5%
5905617004876,5%
5904424003379,5%
5900956201320,5%
5904424003362,5%
5900956201306,5%
5904424003386,5%
5900956201313,5%
5904424003294,5%
5904424007513,5%
5900956201344,5%
5904424003713,5%
5904424004512,5%
5900956201337,5%
5904424004567,5%
5900956201351,5%
5901016009900,5%
5901016008255,5%
5900571901179,5%
5900571904361,23%
5900571904187,5%
5900571904286,5%
5900571904347,5%
5906716205638,5%
5906716203702,5%
5906716206154,5%
5906716205706,5%
5906716207908,5%
5902346011113,5%
5902346011090,5%
5902346011052,5%
5902346011137,5%
5902346011076,5%
5904947609850,5%
5904947609508,5%
5900658789300,5%
5900658789201,5%
5900658723601,5%
5907769011115,5%
5901456007610,5%
5901456007603,5%
5901456007832,5%
5901456007849,5%
5901456007856,5%
5907641488127,5%
5907641488110,5%
5901874908698,5%
5901874908704,5%
5901874908681,5%
5905187904910,5%
5905187904927,5%
5905187904934,5%
5905187904897,5%
5905187907270,5%
5901135028127,8%
5901135039505,5%
5901135028165,8%
5901135039529,8%
5901135039543,8%
5901135017923,5%
5901135017947,5%
5901135017961,5%
5901135028189,8%
5902869470572,5%
5900748029149,5%
5902978040703,5%
5902978040710,5%
5902978006730,5%
5902978006686,5%
5902978005504,5%
5906489231001,5%
5906489231032,5%
5903295150083,5%
5901356011748,5%
8588005524049,5%
8588005524018,5%
5907752659249,5%
